P_out, P_c, E,dE/dP , M, R
9.81E-13,1.5,125.0881727,28.36103933,0.125074581,22.397
9.85E-13,1.6,127.8641027,27.17867303,0.130831316,21.103
9.55E-13,1.7,130.5277909,26.112965,0.136566003,20.065
9.78E-13,1.8,133.0900003,25.14650558,0.142278001,19.216
9.57E-13,1.9,135.55993,24.26527039,0.147953542,18.509
9.55E-13,2,137.9455118,23.45782444,0.153587121,17.913
9.30E-13,2.1,140.2536386,22.71474258,0.159180377,17.404
9.68E-13,2.2,142.4903429,22.02818034,0.164728564,16.966
9.87E-13,2.3,144.660938,21.39155116,0.170233606,16.585
9.25E-13,2.4,146.7701309,20.79928034,0.175691153,16.251
9.06E-13,2.5,148.8221135,20.24661508,0.181103291,15.956
9.89E-13,2.6,150.8206375,19.72947616,0.186465912,15.693
9.31E-13,2.7,152.769075,19.24434093,0.191787,15.46
9.03E-13,2.8,154.67047,18.78815008,0.197056566,15.249
9.15E-13,2.9,156.5275805,18.35823277,0.202282416,15.058
8.86E-13,3,158.342914,17.95224587,0.207466204,14.887
9.35E-13,3.1,160.1187582,17.56812447,0.212603911,14.731
9.92E-13,3.2,161.8572066,17.20404114,0.217697202,14.587
9.70E-13,3.3,163.5601801,16.85837217,0.222747644,14.456
9.65E-13,3.4,165.2294464,16.52966956,0.227756696,14.336
9.18E-13,3.5,166.8666362,16.21663748,0.232720446,14.225
8.61E-13,3.6,168.4732573,15.91811246,0.2376508,14.124
8.81E-13,3.7,170.0507072,15.63304668,0.242538468,14.029
9.41E-13,3.8,171.6002837,15.3604937,0.247384757,13.941
9.44E-13,3.9,173.1231944,15.0995963,0.25219594,13.859
9.54E-13,4,174.6205654,14.84957603,0.256968048,13.783
8.24E-13,4.1,176.0934485,14.60972421,0.261702185,13.713
9.43E-13,4.2,177.5428276,14.37939421,0.266399392,13.645
8.13E-13,4.3,178.9696249,14.15799462,0.271065506,13.584
8.43E-13,4.4,180.3747061,13.94498345,0.275691749,13.525
9.81E-13,4.5,181.7588846,13.73986293,0.280288644,13.47
8.40E-13,4.6,183.1229264,13.54217508,0.284852208,13.42
9.46E-13,4.7,184.4675533,13.35149768,0.289378612,13.37
8.44E-13,4.8,185.7934466,13.16744085,0.293873372,13.325
9.16E-13,4.9,187.1012501,12.98964392,0.298341786,13.282
8.79E-13,5,188.3915728,12.8177727,0.302775399,13.241
7.65E-13,6,200.4469747,11.36623042,0.345511276,12.933
9.88E-13,7,211.2408351,10.26832012,0.385652769,12.74
7.53E-13,8,221.0608439,9.403655639,0.423560459,12.616
9.86E-13,9,230.1021587,8.701859831,0.459516801,12.53
6.86E-13,10,238.5039841,8.118803928,0.493739821,12.471
7.35E-13,11,246.3695176,7.625293036,0.526419919,12.428
9.96E-13,12,253.7776388,7.201174902,0.557698849,12.397
6.76E-13,13,260.7901575,6.832051559,0.587710879,12.376
7.80E-13,14,267.4565168,6.507338443,0.616560368,12.36
5.40E-13,15,273.8169608,6.219065065,0.644341549,12.349
8.90E-13,16,279.9047367,5.961104899,0.671132875,12.34
7.63E-13,17,285.7476664,5.728664479,0.697007814,12.335
4.51E-13,18,291.3692945,5.517934784,0.722025738,12.333
5.82E-13,19,296.7897439,5.325847481,0.746244121,12.33
9.19E-13,20,302.0263648,5.149900789,0.769714149,12.329
7.42E-13,21,307.0942345,4.988032671,0.792479311,12.329
9.08E-13,22,312.0065479,4.83852693,0.814581089,12.33
7.67E-13,23,316.7749264,4.699942591,0.836052463,12.331
3.86E-13,24,321.409665,4.571060063,0.856932342,12.333
4.76E-13,25,325.9199322,4.450839578,0.877249684,12.334
1.04E-12,26,330.3139327,4.338388738,0.897030992,12.336
8.00E-13,27,334.5990416,4.232936915,0.916302754,12.337
7.35E-13,28,338.7819155,4.133814854,0.935089356,12.339
7.44E-13,29,342.8685857,4.040438283,0.953413361,12.341
6.02E-13,30,346.8645357,3.952294637,0.971295689,12.344
1.29E-12,31,350.7747681,3.868932212,0.988755772,12.346
4.39E-13,32,354.6038601,3.789951259,1.005809751,12.347
1.53E-12,33,358.3560123,3.714996602,1.022476539,12.349
1.00E-12,34,362.0350895,3.643751503,1.038770027,12.352
1.33E-12,35,365.644657,3.575932511,1.054705093,12.353
8.18E-13,36,369.1880115,3.51128514,1.070295711,12.353
7.54E-13,37,372.6682079,3.449580197,1.085556815,12.355
6.67E-13,38,376.0880834,3.390610669,1.100497109,12.357
8.03E-13,39,379.4502783,3.33418906,1.115131861,12.357
2.08E-12,40,382.7572539,3.280145108,1.129468501,12.359
2.10E-12,41,386.0113093,3.228323815,1.143519228,12.36
1.33E-12,42,389.2145952,3.178583751,1.157293893,12.361
1.43E-12,43,392.3691273,3.130795571,1.17080183,12.361
1.16E-12,44,395.4767973,3.084840738,1.18405022,12.362
1.50E-12,45,398.5393835,3.040610392,1.197050837,12.363
2.67E-12,46,401.5585595,2.998004368,1.209808353,12.363
2.65E-12,47,404.5359028,2.956930336,1.222330437,12.363
2.82E-12,48,407.4729023,2.917303028,1.234625989,12.363
2.63E-12,49,410.3709648,2.879043573,1.246701921,12.363
2.43E-12,50,413.231421,2.842078891,1.258563268,12.363
2.09E-12,51,416.0555315,2.806341168,1.270217925,12.364
2.12E-12,52,418.8444913,2.77176738,1.281670379,12.364
3.15E-12,53,421.5994346,2.73829887,1.292926444,12.362
3.13E-12,54,424.3214392,2.70588097,1.303993177,12.362
2.29E-12,55,427.0115297,2.674462664,1.314875859,12.362
2.76E-12,56,429.6706818,2.643996279,1.325578092,12.361
2.39E-12,57,432.2998247,2.614437215,1.33610476,12.361
2.59E-12,58,434.8998447,2.585743695,1.346462021,12.36
2.60E-12,59,437.4715875,2.557876543,1.356652922,12.359
2.07E-12,60,440.0158609,2.530798978,1.366681799,12.359
1.93E-12,61,442.5334371,2.504476436,1.376554241,12.358
2.08E-12,62,445.0250546,2.478876398,1.386271426,12.357
1.74E-12,63,447.4914205,2.453968238,1.395841436,12.356
1.68E-12,64,449.9332121,2.429723091,1.405263781,12.355
4.71E-12,65,452.3510786,2.406113719,1.414544829,12.353
4.48E-12,66,454.7456429,2.383114401,1.423686648,12.352
5.16E-12,67,457.1175026,2.360700823,1.43269393,12.351
4.76E-12,68,459.4672321,2.338849985,1.441567185,12.349
1.79E-12,69,461.7953829,2.317540111,1.450312218,12.349
5.64E-12,70,464.1024857,2.296750565,1.458930683,12.346
4.43E-12,71,466.3890509,2.27646178,1.467425488,12.345
4.60E-12,72,468.65557,2.256655184,1.475800741,12.343
6.12E-12,73,470.9025162,2.237313141,1.484057841,12.341
4.57E-12,74,473.1303455,2.218418889,1.492199414,12.34
6.11E-12,75,475.3394979,2.199956485,1.500228005,12.338
4.85E-12,76,477.5303974,2.181910757,1.508146079,12.337
4.67E-12,77,479.7034535,2.164267257,1.515956015,12.335
4.21E-12,78,481.8590614,2.147012214,1.523661386,12.333
5.47E-12,79,483.997603,2.1301325,1.531263155,12.331
5.30E-12,80,486.1194473,2.113615587,1.538763498,12.329
4.89E-12,81,488.2249511,2.097449515,1.546164523,12.327
3.73E-12,82,490.3144595,2.08162286,1.553468275,12.326
4.16E-12,83,492.3883063,2.066124702,1.560677948,12.324
3.59E-12,84,494.4468149,2.050944598,1.567793043,12.322
4.75E-12,85,496.4902982,2.036072558,1.574817839,12.32
3.34E-12,86,498.5190595,2.021499014,1.581752943,12.318
3.29E-12,87,500.5333927,2.007214807,1.588600125,12.316
5.19E-12,88,502.5335826,1.993211155,1.595361104,12.313
3.71E-12,89,504.5199057,1.979479641,1.602037539,12.311
4.49E-12,90,506.4926299,1.966012191,1.608631058,12.309
4.59E-12,91,508.4520155,1.952801054,1.61514439,12.307
3.95E-12,92,510.398315,1.93983879,1.621576759,12.304
3.13E-12,93,512.3317737,1.927118254,1.627931957,12.303
4.03E-12,94,514.2526298,1.914632577,1.634210288,12.3
4.70E-12,95,516.1611149,1.902375158,1.64041317,12.298
4.62E-12,96,518.0574541,1.890339645,1.646541979,12.295
4.14E-12,97,519.9418661,1.87851993,1.652598062,12.293
3.22E-12,98,521.8145639,1.866910131,1.658582726,12.291
4.46E-12,99,523.6757545,1.855504585,1.664497248,12.288
4.80E-12,100,525.5256393,1.844297836,1.670342871,12.286
9.15E-12,101,527.3644146,1.833284627,1.676121897,12.283
9.24E-12,102,529.1922714,1.822459891,1.681833325,12.281
4.42E-12,103,531.0093956,1.811818739,1.687480479,12.278
3.53E-12,104,532.8159685,1.801356456,1.693062325,12.276
4.53E-12,105,534.6121666,1.791068492,1.698582112,12.274
1.02E-11,106,536.3981621,1.780950455,1.704039831,12.271
1.14E-11,107,538.1741228,1.770998101,1.70943653,12.268
1.20E-11,108,539.9402122,1.761207332,1.714773229,12.265
1.08E-11,109,541.69659,1.751574189,1.720050926,12.263
9.90E-12,110,543.4434118,1.742094843,1.725270595,12.26
4.69E-12,111,545.1808297,1.732765592,1.730433187,12.258
1.08E-11,112,546.9089919,1.723582857,1.735539631,12.255
1.24E-11,113,548.6280431,1.714543172,1.740590837,12.252
9.08E-12,114,550.3381248,1.705643186,1.745588715,12.25
1.05E-11,115,552.0393749,1.696879652,1.750532083,12.247
1.04E-11,116,553.7319285,1.688249428,1.755423829,12.245
1.08E-11,117,555.4159172,1.679749469,1.760262752,12.242
9.56E-12,118,557.0914699,1.671376825,1.765051685,12.24
9.00E-12,119,558.7587124,1.663128638,1.769789409,12.237
1.21E-11,120,560.4177677,1.655002135,1.774478705,12.234
1.04E-11,121,562.0687563,1.64699463,1.779119331,12.232
1.26E-11,122,563.7117958,1.639103516,1.783711038,12.228
9.80E-12,123,565.3470013,1.631326263,1.788256535,12.226
1.24E-11,124,566.9744854,1.623660418,1.792755543,12.223
1.33E-11,125,568.5943585,1.616103599,1.797208757,12.22
1.40E-11,126,570.2067282,1.608653493,1.801616864,12.218
1.38E-11,127,571.8117003,1.601307855,1.805980528,12.215
8.60E-12,128,573.409378,1.594064502,1.810300405,12.213
8.83E-12,129,574.9998627,1.586921315,1.814577141,12.21
1.37E-11,130,576.5832533,1.579876235,1.818811361,12.207
1.14E-11,131,578.1596472,1.57292726,1.82300368,12.204
9.47E-12,132,579.7291392,1.566072443,1.827154703,12.202
8.35E-12,133,581.2918228,1.559309892,1.831265021,12.199
1.26E-11,134,582.8477892,1.552637765,1.835336152,12.196
9.37E-12,135,584.3971279,1.546054273,1.839366783,12.194
1.17E-11,136,585.9399267,1.539557673,1.843358413,12.191
8.85E-12,137,587.4762716,1.533146268,1.847312516,12.188
1.04E-11,138,589.0062471,1.526818409,1.85122777,12.185
1.19E-11,139,590.5299357,1.520572488,1.855105629,12.182
8.41E-12,140,592.0474188,1.51440694,1.858947529,12.18
9.03E-12,141,593.5587759,1.50832024,1.862752133,12.177
1.06E-11,142,595.0640851,1.502310905,1.866521773,12.174
1.08E-11,143,596.563423,1.496377486,1.870255108,12.171
1.09E-11,144,598.0568649,1.490518574,1.873954438,12.169
1.03E-11,145,599.5444845,1.484732796,1.877619313,12.166
1.11E-11,146,601.0263544,1.47901881,1.881249297,12.163
1.00E-11,147,602.5025457,1.473375311,1.884846645,12.16
8.98E-12,148,603.9731281,1.467801025,1.888410897,12.158
9.02E-12,149,605.4381704,1.462294709,1.891941602,12.155
1.37E-11,150,606.8977398,1.456855151,1.895440964,12.151
1.15E-11,151,608.3519025,1.451481168,1.898908515,12.149
1.07E-11,152,609.8007236,1.446171607,1.902343784,12.146
8.62E-12,153,611.2442668,1.440925341,1.905748938,12.144
1.38E-11,154,612.682595,1.43574127,1.909123493,12.14
1.07E-11,155,614.1157698,1.43061832,1.912467839,12.138
8.02E-12,156,615.5438517,1.425555444,1.915782361,12.136
1.22E-11,157,616.9669003,1.420551618,1.919067435,12.132
8.83E-12,158,618.3849743,1.41560584,1.922323433,12.13
1.15E-11,159,619.798131,1.410717135,1.925549859,12.126
7.99E-12,160,621.2064272,1.405884548,1.928748793,12.124
1.02E-11,161,622.6099185,1.401107146,1.931919724,12.121
1.42E-11,162,624.0086596,1.396384017,1.935062997,12.117
9.69E-12,163,625.4027043,1.391714271,1.938178955,12.116
1.32E-11,164,626.7921057,1.387097035,1.94126793,12.112
8.43E-12,165,628.1769156,1.382531458,1.94433025,12.11
9.92E-12,166,629.5571855,1.378016708,1.94736624,12.107
1.16E-11,167,630.9329657,1.373551969,1.950376218,12.104
7.96E-12,168,632.3043059,1.369136444,1.953361329,12.102
9.01E-12,169,633.6712548,1.364769354,1.956320211,12.099
1.01E-11,170,635.0338605,1.360449936,1.959254004,12.096
1.30E-11,171,636.3921703,1.356177444,1.962163005,12.093
1.43E-11,172,637.7462307,1.351951147,1.965047505,12.09
8.01E-12,173,639.0960877,1.34777033,1.967907794,12.088
8.57E-12,174,640.4417863,1.343634294,1.970744155,12.085
1.03E-11,175,641.783371,1.339542352,1.973557682,12.082
1.08E-11,176,643.1208855,1.335493835,1.976347017,12.079
1.30E-11,177,644.4543729,1.331488085,1.979113247,12.076
1.34E-11,178,645.7838757,1.327524458,1.981856639,12.073
1.37E-11,179,647.1094357,1.323602325,1.984577453,12.07
1.38E-11,180,648.431094,1.319721067,1.987276752,12.068
1.39E-11,181,649.7488912,1.315880081,1.98995318,12.065
8.21E-12,182,651.0628674,1.312078772,1.992607792,12.063
8.06E-12,183,652.3730618,1.308316561,1.995240834,12.06
8.94E-12,184,653.6795134,1.304592879,1.997853343,12.057
8.67E-12,185,654.9822602,1.300907166,2.000443965,12.054
8.61E-12,186,656.2813402,1.297258877,2.003013734,12.052
9.37E-12,187,657.5767903,1.293647475,2.005563668,12.049
8.89E-12,188,658.8686472,1.290072434,2.008092415,12.046
8.38E-12,189,660.1569471,1.286533239,2.010600991,12.043
7.90E-12,190,661.4417255,1.283029384,2.0130904,12.041
8.62E-12,191,662.7230175,1.279560374,2.015559293,12.038
8.00E-12,192,664.0008577,1.276125721,2.018009445,12.036
7.38E-12,193,665.2752802,1.27272495,2.020439513,12.033
7.96E-12,194,666.5463187,1.269357591,2.022850482,12.03
8.25E-12,195,667.8140064,1.266023186,2.02524333,12.027
7.48E-12,196,669.0783759,1.262721284,2.027616714,12.024
1.38E-11,197,670.3394596,1.259451442,2.029972376,12.021
1.25E-11,198,671.5972894,1.256213227,2.032308972,12.018
1.31E-11,199,672.8518965,1.253006212,2.034627468,12.015
1.19E-11,200,674.103312,1.249829979,2.036928815,12.013
1.06E-11,201,675.3515666,1.246684118,2.039211676,12.01
9.55E-12,202,676.5966903,1.243568226,2.041477759,12.008
9.99E-12,203,677.8387129,1.240481906,2.04372573,12.005
1.00E-11,204,679.0776638,1.237424769,2.045957279,12.002
7.83E-12,205,680.313572,1.234396435,2.048171079,12
7.93E-12,206,681.5464661,1.231396528,2.050368807,11.997
7.18E-12,207,682.7763744,1.228424679,2.052549138,11.995
7.24E-12,208,684.0033247,1.225480528,2.054713737,11.992
1.31E-11,209,685.2273446,1.222563718,2.056861279,11.988
1.16E-11,210,686.4484612,1.2196739,2.058993418,11.986
1.20E-11,211,687.6667013,1.216810731,2.061108837,11.983
1.05E-11,212,688.8820914,1.213973874,2.063209175,11.981
9.20E-12,213,690.0946577,1.211162998,2.065293114,11.978
9.24E-12,214,691.304426,1.208377776,2.067362286,11.975
9.57E-12,215,692.5114217,1.205617888,2.069416107,11.973
8.40E-12,216,693.7156701,1.202883021,2.071453998,11.97
7.36E-12,217,694.917196,1.200172864,2.073477575,11.968
7.62E-12,218,696.1160239,1.197487113,2.075485527,11.965
1.41E-11,219,697.3121782,1.194825469,2.077479455,11.962
1.24E-11,220,698.5056828,1.192187638,2.079458051,11.959
1.24E-11,221,699.6965613,1.189573331,2.08142291,11.956
1.10E-11,222,700.8848372,1.186982263,2.083373444,11.954
1.14E-11,223,702.0705335,1.184414155,2.085309077,11.951
1.01E-11,224,703.2536731,1.181868732,2.087231383,11.949
8.91E-12,225,704.4342785,1.179345722,2.089139062,11.946
9.01E-12,226,705.6123719,1.17684486,2.091033681,11.943
8.25E-12,227,706.7879755,1.174365884,2.092913943,11.941
8.38E-12,228,707.9611109,1.171908535,2.094781404,11.938
7.50E-12,229,709.1317997,1.169472561,2.096635478,11.936
7.90E-12,230,710.3000631,1.167057711,2.098475587,11.933
7.14E-12,231,711.465922,1.164663741,2.10030327,11.931
7.27E-12,232,712.6293974,1.162290408,2.102117943,11.928
1.42E-11,233,713.7905097,1.159937474,2.103919027,11.924
1.29E-11,234,714.9492791,1.157604706,2.105708048,11.922
1.38E-11,235,716.1057257,1.155291873,2.107483722,11.919
1.26E-11,236,717.2598694,1.152998748,2.109247568,11.917
1.32E-11,237,718.4117297,1.150725107,2.110999,11.914
1.25E-11,238,719.561326,1.148470732,2.112737438,11.912
1.32E-11,239,720.7086775,1.146235404,2.114464389,11.909
1.22E-11,240,721.8538031,1.144018911,2.116179265,11.907
1.12E-11,241,722.9967216,1.141821043,2.117881489,11.904
1.20E-11,242,724.1374513,1.139641593,2.119572552,11.901
1.34E-11,243,725.2760108,1.137480357,2.12125187,11.899
1.25E-11,244,726.4124181,1.135337135,2.122918863,11.896
1.18E-11,245,727.546691,1.133211729,2.124575008,11.894
1.28E-11,246,728.6788474,1.131103944,2.126219727,11.891
1.26E-11,247,729.8089047,1.129013589,2.127852437,11.889
1.38E-11,248,730.9368803,1.126940475,2.129474607,11.886
6.78E-12,249,732.0627914,1.124884416,2.131085651,11.884
6.52E-12,250,733.1866548,1.122845228,2.132684993,11.881
1.43E-11,251,734.3084874,1.12082273,2.134274087,11.878
7.39E-12,252,735.4283057,1.118816745,2.135852351,11.877
7.20E-12,253,736.5461263,1.116827096,2.137419207,11.874
8.18E-12,254,737.6619653,1.114853612,2.138976098,11.871
8.09E-12,255,738.7758389,1.112896121,2.140522442,11.869
9.63E-12,256,739.8877628,1.110954456,2.142057663,11.866
1.11E-11,257,740.997753,1.10902845,2.143583192,11.863
1.12E-11,258,742.1058249,1.107117941,2.145098448,11.861
1.30E-11,259,743.211994,1.105222768,2.14660352,11.858
1.33E-11,260,744.3162755,1.103342771,2.148097833,11.855
7.19E-12,261,745.4186845,1.101477796,2.149582804,11.854
7.37E-12,262,746.519236,1.099627686,2.151057853,11.852
8.79E-12,263,747.6179448,1.097792291,2.152522405,11.848
9.29E-12,264,748.7148255,1.09597146,2.153977866,11.846
1.13E-11,265,749.8098925,1.094165045,2.155423657,11.843
1.23E-11,266,750.9031603,1.092372901,2.156859205,11.841
6.61E-12,267,751.994643,1.090594884,2.158285905,11.839
8.16E-12,268,753.0843548,1.088830851,2.15970318,11.836
8.86E-12,269,754.1723094,1.087080663,2.161111111,11.834
9.67E-12,270,755.2585207,1.085344182,2.162509121,11.831
6.27E-12,271,756.3430023,1.083621272,2.163898595,11.829
6.98E-12,272,757.4257677,1.081911798,2.165278956,11.827
7.72E-12,273,758.5068303,1.080215628,2.166649627,11.824
1.01E-11,274,759.5862033,1.078532631,2.168011992,11.821
1.30E-11,275,760.6638999,1.076862679,2.16936547,11.818
6.36E-12,276,761.739933,1.075205643,2.170710134,11.817
8.78E-12,277,762.8143154,1.073561398,2.172045423,11.814
1.16E-11,278,763.88706,1.071929822,2.17337268,11.811
1.36E-11,279,764.9581793,1.07031079,2.174691339,11.809
6.76E-12,280,766.0276857,1.068704182,2.176000832,11.807
9.34E-12,281,767.0955917,1.06710988,2.177302509,11.804
1.28E-11,282,768.1619095,1.065527766,2.178595797,11.801
6.50E-12,283,769.2266513,1.063957724,2.179880765,11.8
9.52E-12,284,770.289829,1.062399639,2.181156845,11.797
1.34E-11,285,771.3514545,1.060853398,2.182425375,11.794
6.90E-12,286,772.4115397,1.05931889,2.183685784,11.793
9.98E-12,287,773.4700962,1.057796004,2.184937507,11.789
1.25E-11,288,774.5271355,1.056284632,2.186181872,11.787
7.70E-12,289,775.5826692,1.054784666,2.187418311,11.785
1.13E-11,290,776.6367086,1.053296001,2.188646886,11.782
6.23E-12,291,777.689265,1.051818532,2.189867034,11.781
9.48E-12,292,778.7403494,1.050352154,2.191080071,11.778
1.43E-11,293,779.7899729,1.048896768,2.192285431,11.775
7.84E-12,294,780.8381466,1.04745227,2.193482548,11.773
1.21E-11,295,781.8848811,1.046018563,2.194672735,11.77
7.78E-12,296,782.9301872,1.044595547,2.195855424,11.768
1.05E-11,297,783.9740757,1.043183126,2.197030673,11.766
7.15E-12,298,785.016557,1.041781204,2.198197923,11.764
1.15E-11,299,786.0576416,1.040389686,2.19935847,11.761
7.60E-12,300,787.0973398,1.039008478,2.20051175,11.759
1.07E-11,301,788.1356619,1.037637489,2.201657203,11.756
7.19E-12,302,789.1726182,1.036276626,2.202796121,11.754
1.02E-11,303,790.2082185,1.034925801,2.203927939,11.752
7.04E-12,304,791.2424731,1.033584923,2.205052713,11.75
1.24E-11,305,792.2753917,1.032253904,2.206169884,11.747
8.71E-12,306,793.3069841,1.030932658,2.207280732,11.745
6.05E-12,307,794.3372602,1.0296211,2.208384697,11.743
1.05E-11,308,795.3662295,1.028319143,2.209481829,11.74
6.46E-12,309,796.3939017,1.027026704,2.210571574,11.738
1.14E-11,310,797.4202861,1.025743701,2.211655202,11.735
7.14E-12,311,798.4453922,1.024470051,2.212732151,11.734
1.30E-11,312,799.4692293,1.023205673,2.213801869,11.73
9.50E-12,313,800.4918066,1.021950488,2.214865617,11.728
6.10E-12,314,801.5131333,1.020704417,2.215922837,11.727
1.14E-11,315,802.5332185,1.01946738,2.216973579,11.724
9.02E-12,316,803.5520711,1.018239302,2.218017291,11.722
6.91E-12,317,804.5697,1.017020106,2.219055222,11.72
1.09E-11,318,805.5861142,1.015809717,2.220086819,11.717
8.79E-12,319,806.6013224,1.014608059,2.22111153,11.715
6.92E-12,320,807.6153332,1.013415059,2.222130601,11.713
1.37E-11,321,808.6281553,1.012230645,2.223143476,11.71
1.09E-11,322,809.6397973,1.011054744,2.224150202,11.708
7.54E-12,323,810.6502676,1.009887285,2.22515023,11.706
6.10E-12,324,811.6595747,1.008728198,2.226144795,11.704
1.26E-11,325,812.6677268,1.007577413,2.227133345,11.701
8.90E-12,326,813.6747323,1.006434862,2.228115332,11.699
7.47E-12,327,814.6805993,1.005300476,2.229091986,11.697
6.26E-12,328,815.6853359,1.004174188,2.230062755,11.695
1.15E-11,329,816.6889503,1.003055931,2.231027093,11.692
9.87E-12,330,817.6914504,1.00194564,2.231986224,11.69
8.54E-12,331,818.6928442,1.00084325,2.232939597,11.688
7.43E-12,332,819.6931395,0.999748697,2.233887254,11.686
6.57E-12,333,820.6923442,0.998661916,2.234828651,11.683
5.80E-12,334,821.6904659,0.997582845,2.235765001,11.681
1.33E-11,335,822.6875124,0.996511421,2.236695757,11.678
1.26E-11,336,823.6834913,0.995447584,2.237620377,11.676
9.85E-12,337,824.6784101,0.994391272,2.238540067,11.675
8.79E-12,338,825.6722764,0.993342425,2.239454282,11.672
8.49E-12,339,826.6650974,0.992300984,2.24036248,11.67
8.00E-12,340,827.6568808,0.991266889,2.241265863,11.668
7.60E-12,341,828.6476336,0.990240083,2.242163886,11.666
5.95E-12,342,829.6373633,0.989220507,2.243056588,11.664
5.99E-12,343,830.6260771,0.988208105,2.243943428,11.662
5.85E-12,344,831.6137819,0.98720282,2.2448256,11.66
1.45E-11,345,832.600485,0.986204597,2.245702561,11.656
5.73E-12,346,833.5861935,0.985213379,2.246573774,11.655
5.78E-12,347,834.5709141,0.984229114,2.247440425,11.653
1.26E-11,348,835.554654,0.983251745,2.248301974,11.65
1.34E-11,349,836.5374199,0.982281221,2.249157884,11.648
1.39E-11,350,837.5192187,0.981317488,2.250009335,11.646
1.40E-11,351,838.5000571,0.980360494,2.25085579,11.643
5.83E-12,352,839.4799419,0.979410187,2.251696712,11.642
6.25E-12,353,840.4588797,0.978466515,2.252533277,11.64
1.45E-11,354,841.4368771,0.977529428,2.253364948,11.637
6.15E-12,355,842.4139407,0.976598876,2.25419119,11.636
7.94E-12,356,843.390077,0.975674809,2.255013174,11.633
7.26E-12,357,844.3652925,0.974757177,2.255830363,11.631
8.46E-12,358,845.3395935,0.973845933,2.256642225,11.629
9.19E-12,359,846.3129865,0.972941028,2.257449924,11.626
1.05E-11,360,847.2854777,0.972042413,2.258252926,11.624
1.21E-11,361,848.2570734,0.971150043,2.259051262,11.622
1.20E-11,362,849.2277798,0.97026387,2.259844401,11.62
6.20E-12,363,850.1976032,0.969383849,2.260633501,11.618
7.37E-12,364,851.1665496,0.968509932,2.26141803,11.616
7.61E-12,365,852.1346251,0.967642075,2.262197457,11.614
9.23E-12,366,853.1018357,0.966780234,2.262972934,11.612
1.13E-11,367,854.0681875,0.965924363,2.263743931,11.61
1.42E-11,368,855.0336864,0.965074419,2.264509919,11.607
6.55E-12,369,855.9983383,0.964230358,2.265272045,11.606
8.27E-12,370,856.9621491,0.963392137,2.26602978,11.604
1.07E-11,371,857.9251245,0.962559713,2.266782596,11.601
1.39E-11,372,858.8872704,0.961733045,2.267531636,11.599
6.57E-12,373,859.8485925,0.960912089,2.268275815,11.597
8.77E-12,374,860.8090965,0.960096806,2.269016275,11.595
9.44E-12,375,861.768788,0.959287154,2.269752484,11.593
5.75E-12,376,862.7276727,0.958483092,2.270483922,11.591
6.38E-12,377,863.685756,0.95768458,2.27121172,11.589
8.71E-12,378,864.6430437,0.956891578,2.271935352,11.587
1.23E-11,379,865.599541,0.956104047,2.272654296,11.584
6.25E-12,380,866.5552536,0.955321947,2.273369681,11.583
1.04E-11,381,867.5101867,0.954545241,2.274080981,11.58
1.28E-11,382,868.4643458,0.953773889,2.274787674,11.578
6.71E-12,383,869.4177363,0.953007855,2.275490885,11.577
1.16E-11,384,870.3703633,0.952247099,2.276190091,11.574
5.31E-12,385,871.3222322,0.951491586,2.27688477,11.573
7.66E-12,386,872.2733482,0.950741278,2.277576043,11.57
1.15E-11,387,873.2237165,0.949996138,2.278263386,11.568
6.38E-12,388,874.1733422,0.949256131,2.278946283,11.566
9.86E-12,389,875.1222304,0.948521221,2.279625846,11.564
5.51E-12,390,876.0703863,0.947791372,2.280301011,11.562
8.74E-12,391,877.0178149,0.947066549,2.280972893,11.56
1.40E-11,392,877.9645211,0.946346717,2.281640969,11.558
8.07E-12,393,878.91051,0.945631842,2.282304724,11.556
1.32E-11,394,879.8557864,0.94492189,2.282965264,11.554
7.44E-12,395,880.8003554,0.944216826,2.283622071,11.552
1.25E-11,396,881.7442217,0.943516618,2.28427463,11.549
7.45E-12,397,882.6873902,0.942821232,2.284924044,11.548
1.27E-11,398,883.6298657,0.942130635,2.285569256,11.545
7.76E-12,399,884.5716531,0.941444794,2.286211369,11.544
1.35E-11,400,885.5127569,0.940763678,2.286849865,11.542
8.43E-12,401,886.453182,0.940087253,2.287484231,11.54
5.11E-12,402,887.392933,0.939415489,2.288115561,11.538
9.11E-12,403,888.3320145,0.938748355,2.288743343,11.536
5.87E-12,404,889.2704312,0.938085818,2.289367064,11.534
1.07E-11,405,890.2081877,0.937427848,2.289987814,11.532
7.02E-12,406,891.1452884,0.936774415,2.290604548,11.53
1.32E-11,407,892.081738,0.936125488,2.291218354,11.528
8.46E-12,408,893.0175409,0.935481037,2.291828719,11.526
6.99E-12,409,893.9527015,0.934841032,2.292435135,11.524
1.10E-11,410,894.8872244,0.934205444,2.293038683,11.522
7.55E-12,411,895.8211139,0.933574244,2.293638325,11.52
6.14E-12,412,896.7543744,0.932947403,2.294235141,11.518
1.25E-11,413,897.6870101,0.932324891,2.294828621,11.516
8.81E-12,414,898.6190256,0.931706682,2.295418258,11.514
5.96E-12,415,899.5504249,0.931092745,2.296005127,11.512
1.05E-11,416,900.4812125,0.930483054,2.296588195,11.51
9.07E-12,417,901.4113924,0.929877581,2.297168536,11.508
6.62E-12,418,902.340969,0.929276298,2.297745641,11.507
1.43E-11,419,903.2699464,0.928679178,2.298319005,11.504
1.03E-11,420,904.1983288,0.928086194,2.298889698,11.502
7.74E-12,421,905.1261202,0.927497319,2.29945669,11.5
5.88E-12,422,906.0533248,0.926912527,2.30002105,11.499
5.33E-12,423,906.9799466,0.926331792,2.30058227,11.497
1.21E-11,424,907.9059897,0.925755088,2.301139849,11.494
7.72E-12,425,908.8314581,0.925182388,2.301694848,11.493
6.13E-12,426,909.7563558,0.924613667,2.302246244,11.491
5.81E-12,427,910.6806868,0.9240489,2.302795098,11.489
1.38E-11,428,911.6044549,0.923488061,2.303340905,11.487
1.14E-11,429,912.5276642,0.922931126,2.303883166,11.485
8.98E-12,430,913.4503185,0.92237807,2.304422936,11.483
7.48E-12,431,914.3724216,0.921828868,2.304959197,11.481
6.23E-12,432,915.2939775,0.921283497,2.305493003,11.48
5.30E-12,433,916.2149899,0.920741931,2.306023334,11.478
5.43E-12,434,917.1354626,0.920204148,2.306551245,11.476
1.33E-11,435,918.0553994,0.919670122,2.307076233,11.473
1.16E-11,436,918.9748041,0.919139832,2.307597802,11.471
1.04E-11,437,919.8936803,0.918613254,2.308116999,11.47
9.28E-12,438,920.8120318,0.918090364,2.308632812,11.468
8.01E-12,439,921.7298623,0.917571139,2.309146286,11.466
7.29E-12,440,922.6471753,0.917055558,2.30965641,11.464
6.61E-12,441,923.5639746,0.916543597,2.310164227,11.463
6.13E-12,442,924.4802637,0.916035233,2.310668728,11.461
6.98E-12,443,925.3960462,0.915530446,2.311170954,11.459
6.27E-12,444,926.3113258,0.915029213,2.311670408,11.457
6.02E-12,445,927.2261058,0.914531512,2.312166598,11.455
5.76E-12,446,928.14039,0.914037322,2.312660559,11.454
5.64E-12,447,929.0541817,0.91354662,2.313151287,11.452
5.31E-12,448,929.9674844,0.913059387,2.313639816,11.45
5.28E-12,449,930.8803016,0.9125756,2.314125146,11.448
6.42E-12,450,931.7926367,0.91209524,2.314608308,11.446
6.53E-12,451,932.7044932,0.911618284,2.315088301,11.444
6.40E-12,452,933.6158744,0.911144714,2.315566156,11.442
6.62E-12,453,934.5267837,0.910674507,2.316040873,11.44
8.23E-12,454,935.4372245,0.910207645,2.316513483,11.438
8.30E-12,455,936.3472001,0.909744106,2.31698349,11.436
8.93E-12,456,937.2567139,0.909283872,2.317450408,11.434
9.67E-12,457,938.165769,0.908826922,2.317915259,11.433
1.06E-11,458,939.0743688,0.908373237,2.318377051,11.431
1.11E-11,459,939.9825165,0.907922797,2.318836803,11.429
1.23E-11,460,940.8902155,0.907475583,2.319293526,11.427
5.45E-12,461,941.7974688,0.907031576,2.319748239,11.426
6.20E-12,462,942.7042797,0.906590757,2.32019995,11.424
6.77E-12,463,943.6106513,0.906153107,2.320649678,11.422
7.83E-12,464,944.5165869,0.905718608,2.321096435,11.42
1.10E-11,465,945.4220896,0.905287241,2.321541236,11.418
1.04E-11,466,946.3271625,0.904858988,2.321983092,11.416
4.80E-12,467,947.2318086,0.90443383,2.32242302,11.415
5.78E-12,468,948.1360311,0.904011749,2.322860033,11.413
6.76E-12,469,949.0398331,0.903592728,2.323295142,11.411
8.28E-12,470,949.9432176,0.903176749,2.323727364,11.409
1.24E-11,471,950.8461876,0.902763793,2.324157709,11.407
5.01E-12,472,951.7487462,0.902353844,2.324585193,11.406
6.06E-12,473,952.6508963,0.901946885,2.325010826,11.404
7.73E-12,474,953.552641,0.901542897,2.325433626,11.402
1.22E-11,475,954.4539831,0.901141863,2.325854599,11.4
4.81E-12,476,955.3549257,0.900743768,2.326273259,11.399
6.37E-12,477,956.2554716,0.900348594,2.326689129,11.397
8.09E-12,478,957.1556238,0.899956323,2.327103207,11.395
1.29E-11,479,958.0553852,0.899566941,2.32751452,11.392
5.69E-12,480,958.9547587,0.899180429,2.327924065,11.392
7.87E-12,481,959.853747,0.898796773,2.328330872,11.39
1.05E-11,482,960.7523532,0.898415955,2.328735442,11.387
5.55E-12,483,961.6505799,0.89803796,2.329138282,11.386
7.93E-12,484,962.54843,0.897662771,2.329538419,11.384
1.09E-11,485,963.4459063,0.897290373,2.329936849,11.382
4.97E-12,486,964.3430117,0.89692075,2.330332601,11.381
8.81E-12,487,965.2397488,0.896553887,2.330726669,11.379
1.21E-11,488,966.1361204,0.896189768,2.331118083,11.376
5.80E-12,489,967.0321292,0.895828377,2.331507836,11.376
8.69E-12,490,967.927778,0.8954697,2.33189496,11.374
4.77E-12,491,968.8230695,0.895113721,2.332280444,11.372
7.41E-12,492,969.7180064,0.894760425,2.332663324,11.37
1.11E-11,493,970.6125913,0.894409797,2.333044585,11.368
5.41E-12,494,971.5068268,0.894061823,2.333423267,11.367
1.04E-11,495,972.4007158,0.893716488,2.333800352,11.365
4.95E-12,496,973.2942607,0.893373777,2.334174879,11.363
7.91E-12,497,974.1874642,0.893033676,2.334547831,11.362
4.90E-12,498,975.0803289,0.89269617,2.33491825,11.36
7.76E-12,499,975.9728574,0.892361246,2.335287114,11.358
1.29E-11,500,976.8650523,0.892028888,2.335653467,11.356
6.44E-12,501,977.756916,0.891699084,2.336018286,11.355
1.32E-11,502,978.6484513,0.891371818,2.336380616,11.352
7.02E-12,503,979.5396605,0.891047078,2.336741434,11.352
1.18E-11,504,980.4305463,0.890724849,2.337099785,11.349
6.34E-12,505,981.321111,0.890405118,2.337456162,11.348
1.37E-11,506,982.2113573,0.890087872,2.337811057,11.346
7.28E-12,507,983.1012876,0.889773096,2.338163517,11.344
4.86E-12,508,983.9909043,0.889460778,2.338514515,11.343
8.96E-12,509,984.88021,0.889150904,2.3388631,11.341
4.80E-12,510,985.769207,0.888843461,2.339210241,11.34
1.08E-11,511,986.6578977,0.888538437,2.339554992,11.337
6.00E-12,512,987.5462846,0.888235817,2.339898317,11.336
1.14E-11,513,988.4343701,0.88793559,2.340239273,11.334
7.57E-12,514,989.3221566,0.887637742,2.340578823,11.332
4.62E-12,515,990.2096464,0.887342261,2.340916024,11.331
9.08E-12,516,991.0968419,0.887049134,2.341251361,11.329
5.20E-12,517,991.9837455,0.886758349,2.341585322,11.328
1.26E-11,518,992.8703594,0.886469894,2.341916963,11.325
7.49E-12,519,993.756686,0.886183755,2.342247246,11.324
4.61E-12,520,994.6427277,0.885899921,2.342575229,11.323
1.10E-11,521,995.5284866,0.88561838,2.342901871,11.32
7.03E-12,522,996.4139652,0.885339119,2.343226234,11.319
4.43E-12,523,997.2991656,0.885062127,2.3435488,11.318
1.10E-11,524,998.1840902,0.884787391,2.343870053,11.315
7.16E-12,525,999.0687412,0.884514901,2.344189055,11.314
4.46E-12,526,999.9531207,0.884244643,2.34450676,11.313
1.19E-11,527,1000.837231,0.883976607,2.344822234,11.31
9.57E-12,528,1001.721075,0.883710781,2.345136429,11.309
6.06E-12,529,1002.604653,0.883447154,2.345448411,11.307
1.39E-11,530,1003.48797,0.883185713,2.345758661,11.305
9.21E-12,531,1004.371026,0.882926448,2.346067657,11.304
7.61E-12,532,1005.253823,0.882669348,2.346374468,11.302
5.17E-12,533,1006.136365,0.882414401,2.346680043,11.301
1.20E-11,534,1007.018653,0.882161597,2.346983451,11.299
9.95E-12,535,1007.900689,0.881910923,2.347285638,11.297
7.18E-12,536,1008.782475,0.88166237,2.347585677,11.296
6.18E-12,537,1009.664014,0.881415926,2.347884044,11.294
4.40E-12,538,1010.545308,0.881171581,2.348181215,11.293
1.08E-11,539,1011.426358,0.880929324,2.348476265,11.291
9.33E-12,540,1012.307167,0.880689145,2.348770134,11.289
7.05E-12,541,1013.187737,0.880451032,2.349061899,11.288
6.41E-12,542,1014.06807,0.880214975,2.349352032,11.286
4.74E-12,543,1014.948168,0.879980964,2.349641011,11.285
1.22E-11,544,1015.828033,0.879748989,2.349927911,11.283
1.11E-11,545,1016.707667,0.879519038,2.350213671,11.281
8.76E-12,546,1017.587071,0.879291103,2.350497368,11.28
6.63E-12,547,1018.466249,0.879065173,2.350779475,11.278
6.45E-12,548,1019.345202,0.878841237,2.351060466,11.277
4.98E-12,549,1020.223933,0.878619287,2.351339419,11.275
4.91E-12,550,1021.102442,0.878399311,2.35161727,11.274
1.31E-11,551,1021.980732,0.8781813,2.351893099,11.271
1.07E-11,552,1022.858805,0.877965244,2.352167379,11.27
1.05E-11,553,1023.736663,0.877751134,2.352440579,11.268
8.85E-12,554,1024.614308,0.877538959,2.352711782,11.267
8.74E-12,555,1025.491741,0.877328711,2.352981918,11.265
7.62E-12,556,1026.368966,0.877120379,2.353250075,11.264
6.29E-12,557,1027.245983,0.876913954,2.353516719,11.262
6.63E-12,558,1028.122794,0.876709427,2.353782319,11.261
5.65E-12,559,1028.999402,0.876506788,2.354045962,11.259
6.03E-12,560,1029.875809,0.876306029,2.354308115,11.257
5.23E-12,561,1030.752015,0.876107139,2.354569245,11.256
5.71E-12,562,1031.628024,0.87591011,2.354828441,11.254
5.01E-12,563,1032.503836,0.875714932,2.355086627,11.253
5.61E-12,564,1033.379454,0.875521597,2.355342895,11.251
5.30E-12,565,1034.25488,0.875330095,2.355597709,11.25
5.69E-12,566,1035.130115,0.875140418,2.355851534,11.248
5.19E-12,567,1036.005161,0.874952556,2.356103462,11.246
4.98E-12,568,1036.880021,0.874766502,2.356353958,11.245
5.56E-12,569,1037.754695,0.874582245,2.356603486,11.243
5.45E-12,570,1038.629186,0.874399778,2.356851139,11.242
6.54E-12,571,1039.503495,0.874219092,2.35709738,11.24
6.15E-12,572,1040.377624,0.874040177,2.357342672,11.239
5.92E-12,573,1041.251576,0.873863027,2.357586111,11.237
7.28E-12,574,1042.125351,0.873687631,2.357828613,11.236
7.12E-12,575,1042.998952,0.873513983,2.358069277,11.234
8.89E-12,576,1043.87238,0.873342072,2.358308565,11.232
1.03E-11,577,1044.745636,0.873171892,2.358546934,11.23
1.12E-11,578,1045.618724,0.873003433,2.358783485,11.229
1.13E-11,579,1046.491644,0.872836688,2.359018678,11.227
4.20E-12,580,1047.364398,0.872671648,2.359252973,11.227
4.30E-12,581,1048.236988,0.872508305,2.359485471,11.225
5.68E-12,582,1049.109415,0.872346652,2.35971663,11.223
5.88E-12,583,1049.981682,0.87218668,2.359946909,11.222
8.07E-12,584,1050.853789,0.872028381,2.360175412,11.22
8.53E-12,585,1051.725739,0.871871748,2.360402594,11.218
1.09E-11,586,1052.597533,0.871716772,2.360628915,11.216
1.26E-11,587,1053.469173,0.871563445,2.360853479,11.215
5.01E-12,588,1054.34066,0.871411761,2.361076743,11.214
5.46E-12,589,1055.211997,0.871261711,2.361299162,11.213
6.08E-12,590,1056.083184,0.871113287,2.361519843,11.211
8.80E-12,591,1056.954224,0.870966483,2.361739243,11.209
1.19E-11,592,1057.825118,0.870821289,2.361957816,11.207
1.45E-11,593,1058.695867,0.8706777,2.36217467,11.206
4.69E-12,594,1059.566474,0.870535707,2.362390261,11.205
6.81E-12,595,1060.436939,0.870395303,2.362605042,11.203
9.83E-12,596,1061.307265,0.870256481,2.362818123,11.201
1.24E-11,597,1062.177453,0.870119233,2.363029959,11.2
5.07E-12,598,1063.047504,0.869983552,2.363241001,11.199
6.24E-12,599,1063.91742,0.86984943,2.363450362,11.197
9.34E-12,600,1064.787203,0.869716862,2.363658495,11.195
1.16E-11,601,1065.656855,0.869585838,2.363865852,11.194
5.19E-12,602,1066.526376,0.869456353,2.364071546,11.193
6.55E-12,603,1067.395768,0.869328399,2.364276028,11.191
9.71E-12,604,1068.265033,0.86920197,2.36447975,11.189
1.31E-11,605,1069.134172,0.869077058,2.364681828,11.188
4.69E-12,606,1070.003187,0.868953656,2.364882711,11.187
9.34E-12,607,1070.87208,0.868831757,2.36508285,11.185
1.23E-11,608,1071.740851,0.868711355,2.365281362,11.183
4.73E-12,609,1072.609503,0.868592443,2.365478696,11.183
7.51E-12,610,1073.478037,0.868475013,2.365674858,11.18
1.03E-11,611,1074.346454,0.86835906,2.365870296,11.179
4.95E-12,612,1075.214755,0.868244577,2.366064131,11.178
6.87E-12,613,1076.082943,0.868131557,2.366256809,11.176
1.18E-11,614,1076.951019,0.868019992,2.366448779,11.175
4.49E-12,615,1077.818984,0.867909878,2.366639162,11.174
8.20E-12,616,1078.686839,0.867801207,2.366828405,11.172
1.39E-11,617,1079.554587,0.867693973,2.367016954,11.17
5.52E-12,618,1080.422228,0.867588169,2.367203933,11.169
1.01E-11,619,1081.289764,0.867483788,2.367389788,11.167
4.04E-12,620,1082.157196,0.867380826,2.367574524,11.166
7.08E-12,621,1083.024526,0.867279274,2.367758585,11.164
1.11E-11,622,1083.891755,0.867179128,2.367941099,11.163
5.39E-12,623,1084.758884,0.86708038,2.368122509,11.161
1.06E-11,624,1085.625916,0.866983025,2.368303259,11.16
4.43E-12,625,1086.492851,0.866887056,2.368482476,11.159
8.65E-12,626,1087.359691,0.866792466,2.368660606,11.157
1.33E-11,627,1088.226436,0.866699251,2.368837651,11.155
6.79E-12,628,1089.09309,0.866607404,2.369014055,11.154
1.13E-11,629,1089.959652,0.866516919,2.369188949,11.153
5.94E-12,630,1090.826124,0.86642779,2.369362773,11.151
9.48E-12,631,1091.692508,0.86634001,2.36953597,11.15
5.48E-12,632,1092.558804,0.866253575,2.369707672,11.149
8.70E-12,633,1093.425015,0.866168477,2.369878319,11.147
5.00E-12,634,1094.291142,0.866084712,2.370047916,11.146
9.97E-12,635,1095.157185,0.866002273,2.370216904,11.144
4.55E-12,636,1096.023147,0.865921155,2.370384417,11.143
9.76E-12,637,1096.889028,0.865841352,2.370550895,11.141
4.48E-12,638,1097.75483,0.865762858,2.370716341,11.14
9.33E-12,639,1098.620554,0.865685667,2.370881196,11.138
5.58E-12,640,1099.486202,0.865609774,2.371044596,11.137
9.72E-12,641,1100.351774,0.865535173,2.371206978,11.135
5.59E-12,642,1101.217272,0.865461858,2.371368781,11.134
1.04E-11,643,1102.082698,0.865389825,2.371529144,11.133
6.17E-12,644,1102.948052,0.865319067,2.371688504,11.131
1.15E-11,645,1103.813337,0.865249579,2.371846865,11.13
6.91E-12,646,1104.678552,0.865181355,2.372004664,11.129
4.03E-12,647,1105.5437,0.865114391,2.372161041,11.127
8.10E-12,648,1106.408781,0.86504868,2.372316433,11.126
4.83E-12,649,1107.273798,0.864984217,2.372470843,11.124
9.19E-12,650,1108.13875,0.864920997,2.372624708,11.123
6.17E-12,651,1109.00364,0.864859015,2.372777171,11.122
1.14E-11,652,1109.868468,0.864798265,2.372928665,11.12
7.71E-12,653,1110.733237,0.864738742,2.373079196,11.119
4.88E-12,654,1111.597946,0.864680441,2.373229197,11.118
9.47E-12,655,1112.462598,0.864623357,2.373377814,11.116
6.25E-12,656,1113.327194,0.864567484,2.37352548,11.114
4.10E-12,657,1114.191734,0.864512818,2.373672199,11.113
8.38E-12,658,1115.05622,0.864459352,2.373818405,11.112
5.64E-12,659,1115.920653,0.864407083,2.373963244,11.11
1.43E-11,660,1116.785034,0.864356005,2.374107149,11.108
8.09E-12,661,1117.649365,0.864306113,2.374250123,11.107
5.47E-12,662,1118.513647,0.864257402,2.3743926,11.106
1.43E-11,663,1119.37788,0.864209868,2.374533728,11.104
8.29E-12,664,1120.242067,0.864163504,2.374673937,11.103
6.12E-12,665,1121.106208,0.864118307,2.374813234,11.102
1.30E-11,666,1121.970304,0.864074271,2.37495162,11.1
9.10E-12,667,1122.834357,0.864031392,2.375089527,11.099
5.37E-12,668,1123.698367,0.863989664,2.375226106,11.098
3.97E-12,669,1124.562336,0.863949083,2.375361788,11.097
8.71E-12,670,1125.426266,0.863909645,2.375496576,11.095
6.34E-12,671,1126.290156,0.863871344,2.375630899,11.094
5.00E-12,672,1127.154009,0.863834175,2.375763911,11.093
1.33E-11,673,1128.017825,0.863798135,2.375896041,11.09
8.37E-12,674,1128.881605,0.863763218,2.376027292,11.089
6.18E-12,675,1129.745351,0.863729419,2.376158093,11.088
4.93E-12,676,1130.609064,0.863696735,2.3762876,11.087
1.17E-11,677,1131.472745,0.86366516,2.37641624,11.085
9.40E-12,678,1132.336395,0.86363469,2.376544017,11.084
5.92E-12,679,1133.200015,0.86360532,2.376670934,11.083
4.61E-12,680,1134.063606,0.863577046,2.376797419,11.082
1.34E-11,681,1134.92717,0.863549864,2.376922629,11.079
1.10E-11,682,1135.790706,0.863523768,2.377046991,11.078
7.36E-12,683,1136.654217,0.863498755,2.377170508,11.077
6.20E-12,684,1137.517704,0.863474819,2.377293184,11.076
4.96E-12,685,1138.381167,0.863451958,2.377415445,11.075
1.27E-11,686,1139.244608,0.863430165,2.37753645,11.073
1.01E-11,687,1140.108028,0.863409438,2.377656625,11.071
7.31E-12,688,1140.971428,0.863389771,2.377775974,11.071
6.10E-12,689,1141.834808,0.86337116,2.3778945,11.069
5.16E-12,690,1142.69817,0.863353601,2.378012627,11.068
1.37E-11,691,1143.561516,0.86333709,2.378129518,11.066
1.22E-11,692,1144.424845,0.863321622,2.378245596,11.065
1.01E-11,693,1145.288159,0.863307194,2.378360866,11.063
7.43E-12,694,1146.15146,0.863293801,2.378475329,11.062
6.45E-12,695,1147.014747,0.863281439,2.378589411,11.061
5.91E-12,696,1147.878023,0.863270103,2.378702275,11.06
4.33E-12,697,1148.741288,0.86325979,2.378814343,11.059
4.00E-12,698,1149.604543,0.863250496,2.37892562,11.058
1.36E-11,699,1150.467789,0.863242216,2.379036108,11.055
1.23E-11,700,1151.331027,0.863234947,2.379146229,11.054
9.35E-12,701,1152.194259,0.863228684,2.379255151,11.053
9.10E-12,702,1153.057485,0.863223423,2.379363294,11.052
6.70E-12,703,1153.920706,0.863219161,2.379470662,11.051
6.33E-12,704,1154.783924,0.863215893,2.379577259,11.049
5.91E-12,705,1155.647139,0.863213615,2.379683503,11.048
5.94E-12,706,1156.510351,0.863212325,2.379788567,11.047
4.55E-12,707,1157.373563,0.863212016,2.379892867,11.046
4.38E-12,708,1158.236776,0.863212687,2.379996409,11.044
4.49E-12,709,1159.099989,0.863214332,2.380099196,11.043
1.38E-11,710,1159.963205,0.863216949,2.38020123,11.041
1.35E-11,711,1160.826423,0.863220532,2.380302931,11.04
1.33E-11,712,1161.689646,0.863225079,2.38040347,11.038
1.10E-11,713,1162.552874,0.863230586,2.380503266,11.037
1.16E-11,714,1163.416108,0.863237048,2.380602322,11.036
1.15E-11,715,1164.279348,0.863244463,2.380700642,11.034
1.17E-11,716,1165.142597,0.863252826,2.380798642,11.033
1.00E-11,717,1166.005854,0.863262133,2.380895498,11.032
1.09E-11,718,1166.869121,0.863272382,2.380991626,11.031
1.12E-11,719,1167.732399,0.863283567,2.38108703,11.029
9.74E-12,720,1168.595689,0.863295687,2.381181713,11.028
1.08E-11,721,1169.458991,0.863308736,2.381275677,11.027
1.15E-11,722,1170.322307,0.863322712,2.381369339,11.026
1.22E-11,723,1171.185637,0.86333761,2.381461876,11.024
1.09E-11,724,1172.048982,0.863353428,2.381553703,11.023
1.18E-11,725,1172.912344,0.863370162,2.381644824,11.021
1.36E-11,726,1173.775723,0.863387807,2.381735242,11.02
1.23E-11,727,1174.63912,0.863406361,2.381824959,11.019
1.36E-11,728,1175.502536,0.863425821,2.381913978,11.017
3.77E-12,729,1176.365972,0.863446182,2.382002715,11.017
4.66E-12,730,1177.229429,0.863467441,2.382090348,11.016
4.24E-12,731,1178.092907,0.863489594,2.382177292,11.015
5.01E-12,732,1178.956408,0.863512639,2.38226355,11.013
4.59E-12,733,1179.819933,0.863536572,2.382349125,11.012
6.74E-12,734,1180.683481,0.863561389,2.38243402,11.01
7.96E-12,735,1181.547056,0.863587087,2.382518646,11.009
7.85E-12,736,1182.410656,0.863613663,2.382602188,11.008
9.19E-12,737,1183.274283,0.863641114,2.382685058,11.006
9.18E-12,738,1184.137938,0.863669435,2.382767259,11.005
1.16E-11,739,1185.001622,0.863698624,2.382848794,11.004
1.37E-11,740,1185.865336,0.863728677,2.382929664,11.002
1.36E-11,741,1186.72908,0.863759592,2.383009874,11.001
4.25E-12,742,1187.592855,0.863791364,2.383089833,11.001
5.42E-12,743,1188.456663,0.863823991,2.383168729,10.999
7.15E-12,744,1189.320504,0.863857469,2.383246973,10.998
8.84E-12,745,1190.184378,0.863891796,2.383324565,10.996
9.29E-12,746,1191.048288,0.863926967,2.383401511,10.995
1.19E-11,747,1191.912232,0.863962981,2.383477811,10.993
4.01E-12,748,1192.776214,0.863999832,2.383553469,10.993
5.29E-12,749,1193.640232,0.86403752,2.383628894,10.992
6.61E-12,750,1194.504289,0.864076039,2.383703276,10.99
7.31E-12,751,1195.368385,0.864115388,2.383777023,10.989
9.66E-12,752,1196.23252,0.864155563,2.383850139,10.987
1.34E-11,753,1197.096696,0.864196561,2.383922625,10.986
1.44E-11,754,1197.960914,0.864238379,2.383994485,10.985
5.12E-12,755,1198.825173,0.864281014,2.38406572,10.984
6.73E-12,756,1199.689476,0.864324462,2.384136334,10.982
9.32E-12,757,1200.553822,0.864368722,2.384206734,10.981
1.35E-11,758,1201.418214,0.864413789,2.384276112,10.98
3.80E-12,759,1202.28265,0.864459661,2.384344877,10.98
5.44E-12,760,1203.147133,0.864506334,2.38441303,10.978
7.60E-12,761,1204.011663,0.864553807,2.384480573,10.976
8.97E-12,762,1204.876241,0.864602075,2.384547511,10.975
1.31E-11,763,1205.740868,0.864651137,2.384613844,10.974
4.90E-12,764,1206.605544,0.864700988,2.384679575,10.973
6.87E-12,765,1207.47027,0.864751626,2.384744708,10.971
1.02E-11,766,1208.335047,0.864803049,2.384809646,10.97
1.19E-11,767,1209.199876,0.864855253,2.384873587,10.969
4.57E-12,768,1210.064758,0.864908235,2.384936936,10.968
7.18E-12,769,1210.929693,0.864961993,2.384999696,10.967
1.08E-11,770,1211.794682,0.865016524,2.385061868,10.965
1.29E-11,771,1212.659726,0.865071825,2.385123455,10.964
5.45E-12,772,1213.524826,0.865127892,2.38518446,10.963
8.16E-12,773,1214.389982,0.865184724,2.385244885,10.962
1.23E-11,774,1215.255196,0.865242318,2.385304732,10.96
4.92E-12,775,1216.120467,0.86530067,2.385364404,10.96
7.52E-12,776,1216.985797,0.865359778,2.385423102,10.958
9.74E-12,777,1217.851187,0.86541964,2.385481229,10.957
3.85E-12,778,1218.716637,0.865480251,2.385538788,10.956
6.11E-12,779,1219.582148,0.865541611,2.38559578,10.954
1.06E-11,780,1220.44772,0.865603716,2.385652208,10.953
4.01E-12,781,1221.313355,0.865666563,2.385708074,10.952
5.59E-12,782,1222.179054,0.86573015,2.38576338,10.951
9.24E-12,783,1223.044816,0.865794473,2.385818129,10.949
1.21E-11,784,1223.910643,0.865859531,2.385872323,10.948
6.19E-12,785,1224.776535,0.865925321,2.385926364,10.947
1.10E-11,786,1225.642494,0.86599184,2.385979454,10.946
4.56E-12,787,1226.508519,0.866059085,2.386031996,10.945
6.45E-12,788,1227.374612,0.866127054,2.386083992,10.944
1.09E-11,789,1228.240773,0.866195745,2.386135443,10.942
4.64E-12,790,1229.107004,0.866265154,2.386186352,10.941
6.72E-12,791,1229.973304,0.866335279,2.386236721,10.94
1.20E-11,792,1230.839675,0.866406117,2.386286553,10.939
5.33E-12,793,1231.706117,0.866477667,2.386335849,10.938
9.51E-12,794,1232.57263,0.866549925,2.386384612,10.936
3.98E-12,795,1233.439217,0.866622889,2.386432843,10.935
7.41E-12,796,1234.305876,0.866696556,2.386480942,10.934
1.06E-11,797,1235.17261,0.866770924,2.386528117,10.933
4.93E-12,798,1236.039418,0.866845991,2.386574767,10.932
9.58E-12,799,1236.906302,0.866921754,2.386620894,10.931
4.34E-12,800,1237.773262,0.86699821,2.386666499,10.93
8.09E-12,801,1238.640299,0.867075357,2.386711586,10.928
1.44E-11,802,1239.507413,0.867153193,2.386756156,10.926
5.69E-12,803,1240.374605,0.867231715,2.386800211,10.926
1.07E-11,804,1241.241877,0.86731092,2.386843754,10.924
5.35E-12,805,1242.109227,0.867390807,2.386886786,10.924
1.01E-11,806,1242.976659,0.867471373,2.386929309,10.922
5.14E-12,807,1243.84417,0.867552616,2.386971325,10.921
7.66E-12,808,1244.711764,0.867634532,2.387012836,10.92
3.67E-12,809,1245.57944,0.867717121,2.387053844,10.919
7.25E-12,810,1246.447198,0.867800379,2.387094747,10.918
1.44E-11,811,1247.315041,0.867884304,2.387134755,10.916
7.13E-12,812,1248.182967,0.867968893,2.387174267,10.915
1.38E-11,813,1249.050979,0.868054146,2.387213284,10.913
7.56E-12,814,1249.919076,0.868140058,2.387251809,10.913
3.59E-12,815,1250.787259,0.868226628,2.387289841,10.912
6.24E-12,816,1251.655529,0.868313854,2.387327385,10.911
1.29E-11,817,1252.523887,0.868401733,2.387364441,10.909
6.57E-12,818,1253.392333,0.868490263,2.387401012,10.908
1.32E-11,819,1254.260868,0.868579442,2.3874371,10.906
5.80E-12,820,1255.129492,0.868669268,2.387472706,10.906
3.75E-12,821,1255.998206,0.868759737,2.387507832,10.905
6.71E-12,822,1256.867012,0.868850849,2.38754248,10.904
1.44E-11,823,1257.735908,0.8689426,2.387576653,10.902
7.66E-12,824,1258.604897,0.86903499,2.387610351,10.901
3.92E-12,825,1259.473979,0.869128014,2.387643577,10.9
8.93E-12,826,1260.343153,0.869221672,2.387676723,10.899
5.07E-12,827,1261.212422,0.869315961,2.38770901,10.898
8.56E-12,828,1262.081786,0.869410879,2.38774083,10.897
4.66E-12,829,1262.951244,0.869506423,2.387772185,10.896
1.06E-11,830,1263.820799,0.869602592,2.387803076,10.894
6.14E-12,831,1264.69045,0.869699384,2.387833507,10.894
1.40E-11,832,1265.560198,0.869796796,2.387863477,10.892
7.89E-12,833,1266.430043,0.869894826,2.38789299,10.891
4.35E-12,834,1267.299987,0.869993472,2.387922046,10.89
8.24E-12,835,1268.17003,0.870092732,2.387950649,10.889
4.67E-12,836,1269.040173,0.870192604,2.387978798,10.888
1.11E-11,837,1269.910416,0.870293086,2.388006497,10.886
6.43E-12,838,1270.780759,0.870394176,2.388033746,10.885
3.89E-12,839,1271.651204,0.870495871,2.388060549,10.885
9.28E-12,840,1272.521751,0.87059817,2.388086906,10.883
5.43E-12,841,1273.392401,0.870701071,2.388112818,10.882
1.29E-11,842,1274.263154,0.870804571,2.388138289,10.88
6.35E-12,843,1275.13401,0.870908669,2.388163318,10.88
3.77E-12,844,1276.004971,0.871013362,2.388187909,10.879
9.36E-12,845,1276.876037,0.871118648,2.388212063,10.877
5.69E-12,846,1277.747209,0.871224527,2.388235782,10.876
1.40E-11,847,1278.618486,0.871330994,2.388259066,10.874
7.10E-12,848,1279.489871,0.871438049,2.388281919,10.874
5.67E-12,849,1280.361363,0.87154569,2.388304341,10.873
1.42E-11,850,1281.232963,0.871653915,2.388326334,10.871
7.25E-12,851,1282.104671,0.871762721,2.3883479,10.871
4.93E-12,852,1282.976488,0.871872106,2.38836904,10.87
1.44E-11,853,1283.848415,0.87198207,2.388390143,10.868
7.47E-12,854,1284.720452,0.872092609,2.388410437,10.868
4.73E-12,855,1285.592601,0.872203722,2.38843031,10.867
1.27E-11,856,1286.46486,0.872315407,2.388449764,10.865
8.31E-12,857,1287.337232,0.872427662,2.3884688,10.864
5.28E-12,858,1288.209716,0.872540486,2.388487421,10.863
1.42E-11,859,1289.082313,0.872653875,2.388505627,10.861
8.90E-12,860,1289.955024,0.87276783,2.38852342,10.86
5.01E-12,861,1290.827849,0.872882346,2.388540802,10.86
1.41E-11,862,1291.700788,0.872997423,2.388557775,10.858
9.33E-12,863,1292.573844,0.87311306,2.388574339,10.857
6.60E-12,864,1293.447015,0.873229253,2.388590498,10.857
4.42E-12,865,1294.320302,0.873346001,2.388606251,10.856
1.27E-11,866,1295.193707,0.873463302,2.3886216,10.854
8.55E-12,867,1296.067229,0.873581155,2.388636548,10.853
5.95E-12,868,1296.940869,0.873699558,2.388651095,10.852
4.03E-12,869,1297.814628,0.873818509,2.388665243,10.851
1.16E-11,870,1298.688507,0.873938005,2.388678994,10.849
6.68E-12,871,1299.562505,0.874058046,2.388692349,10.849
4.68E-12,872,1300.436623,0.874178629,2.38870531,10.848
1.41E-11,873,1301.310862,0.874299753,2.388717877,10.846
9.97E-12,874,1302.185223,0.874421416,2.388730054,10.845
7.27E-12,875,1303.059705,0.874543616,2.38874184,10.844
5.15E-12,876,1303.93431,0.874666351,2.388753238,10.843
3.67E-12,877,1304.809038,0.874789621,2.388764249,10.842
1.12E-11,878,1305.683889,0.874913422,2.388774874,10.84
8.79E-12,879,1306.558865,0.875037753,2.388785116,10.84
6.57E-12,880,1307.433965,0.875162612,2.388794975,10.839
4.78E-12,881,1308.30919,0.875287999,2.388804452,10.838
3.50E-12,882,1309.184541,0.87541391,2.38881355,10.837
1.10E-11,883,1310.060018,0.875540345,2.388822269,10.835
7.98E-12,884,1310.935622,0.875667301,2.388830612,10.834
5.13E-12,885,1311.811353,0.875794778,2.388838579,10.834
3.91E-12,886,1312.687212,0.875922772,2.388846172,10.833
1.28E-11,887,1313.563199,0.876051283,2.388853392,10.831
9.82E-12,888,1314.439315,0.876180309,2.388860241,10.83
7.54E-12,889,1315.31556,0.876309849,2.38886672,10.829
6.00E-12,890,1316.191934,0.8764399,2.388872831,10.828
4.64E-12,891,1317.06844,0.87657046,2.388878574,10.827
3.62E-12,892,1317.945076,0.87670153,2.388883952,10.826
1.22E-11,893,1318.821843,0.876833106,2.388888965,10.824
9.51E-12,894,1319.698742,0.876965186,2.388893615,10.823
7.43E-12,895,1320.575773,0.877097771,2.388897904,10.822
5.09E-12,896,1321.452938,0.877230857,2.388901832,10.822
4.53E-12,897,1322.330235,0.877364443,2.388905401,10.821
3.37E-12,898,1323.207667,0.877498528,2.388908613,10.82
1.19E-11,899,1324.085232,0.87763311,2.388911468,10.818
9.81E-12,900,1324.962933,0.877768188,2.388913969,10.817
8.09E-12,901,1325.840769,0.877903759,2.388916116,10.816
6.91E-12,902,1326.718741,0.878039823,2.38891791,10.815
5.76E-12,903,1327.596849,0.878176377,2.388919353,10.814
4.82E-12,904,1328.475094,0.878313421,2.388920447,10.813
4.23E-12,905,1329.353476,0.878450952,2.388921193,10.813
3.62E-12,906,1330.231996,0.878588969,2.388921591,10.812
1.33E-11,907,1331.110654,0.878727471,2.388921265,10.809
1.14E-11,908,1331.989451,0.878866455,2.388920973,10.808
9.76E-12,909,1332.868387,0.879005921,2.388920338,10.807
8.40E-12,910,1333.747463,0.879145868,2.388919361,10.806
7.26E-12,911,1334.626679,0.879286292,2.388918043,10.805
6.51E-12,912,1335.506036,0.879427193,2.388916386,10.804
4.78E-12,913,1336.385533,0.87956857,2.38891439,10.804
4.26E-12,914,1337.265173,0.879710421,2.388912057,10.803
4.16E-12,915,1338.144954,0.879852744,2.388909389,10.802
3.46E-12,916,1339.024879,0.879995538,2.388906386,10.801
1.37E-11,917,1339.904946,0.880138802,2.388903051,10.799
1.25E-11,918,1340.785156,0.880282533,2.388899383,10.798
1.15E-11,919,1341.665511,0.880426731,2.388895384,10.797
1.06E-11,920,1342.54601,0.880571394,2.388891056,10.796
9.78E-12,921,1343.426654,0.880716521,2.388886399,10.795
9.11E-12,922,1344.307443,0.88086211,2.388881416,10.794
8.53E-12,923,1345.188378,0.88100816,2.388876106,10.793
8.02E-12,924,1346.06946,0.881154668,2.388870472,10.792
7.59E-12,925,1346.950688,0.881301635,2.388864514,10.791
7.22E-12,926,1347.832063,0.881449058,2.388858234,10.79
6.91E-12,927,1348.713586,0.881596936,2.388851633,10.789
6.86E-12,928,1349.595257,0.881745268,2.388844712,10.788
6.64E-12,929,1350.477077,0.881894052,2.388837472,10.787
6.46E-12,930,1351.359045,0.882043287,2.388829915,10.786
6.32E-12,931,1352.241163,0.882192971,2.388822041,10.785
6.21E-12,932,1353.123431,0.882343103,2.388813852,10.784
6.15E-12,933,1354.00585,0.882493681,2.388805348,10.783
5.83E-12,934,1354.888419,0.882644705,2.388796158,10.781
5.85E-12,935,1355.771139,0.882796173,2.388787031,10.78
5.90E-12,936,1356.654011,0.882948083,2.388777592,10.779
5.99E-12,937,1357.537036,0.883100434,2.388767845,10.778
6.12E-12,938,1358.420212,0.883253225,2.388757788,10.777
6.29E-12,939,1359.303542,0.883406455,2.388747425,10.776
6.50E-12,940,1360.187025,0.883560121,2.388736755,10.775
6.55E-12,941,1361.070663,0.883714224,2.388725781,10.774
6.85E-12,942,1361.954454,0.88386876,2.388714502,10.773
7.21E-12,943,1362.8384,0.88402373,2.388702921,10.772
7.63E-12,944,1363.722502,0.884179131,2.388691038,10.771
8.11E-12,945,1364.606759,0.884334963,2.388678854,10.77
8.68E-12,946,1365.491172,0.884491224,2.388666372,10.769
9.33E-12,947,1366.375741,0.884647913,2.38865359,10.768
1.01E-11,948,1367.260468,0.884805028,2.388640512,10.767
1.10E-11,949,1368.145351,0.884962568,2.388627137,10.766
1.20E-11,950,1369.030393,0.885120532,2.388613467,10.765
1.31E-11,951,1369.915593,0.885278919,2.388599503,10.764
1.16E-11,952,1370.800951,0.885437727,2.388584875,10.763
1.28E-11,953,1371.686468,0.885596955,2.388570326,10.762
1.42E-11,954,1372.572145,0.885756602,2.388555487,10.761
3.88E-12,955,1373.457982,0.885916667,2.388540358,10.761
4.80E-12,956,1374.343978,0.886077147,2.38852494,10.759
5.52E-12,957,1375.230136,0.886238043,2.388509235,10.758
6.16E-12,958,1376.116455,0.886399352,2.388493243,10.757
7.14E-12,959,1377.002935,0.886561074,2.388476965,10.756
8.30E-12,960,1377.889577,0.886723207,2.388460403,10.755
9.70E-12,961,1378.776381,0.886885749,2.388443557,10.754
1.14E-11,962,1379.663349,0.887048701,2.388426429,10.753
1.34E-11,963,1380.550479,0.88721206,2.388409019,10.752
3.83E-12,964,1381.437773,0.887375826,2.388391329,10.752
1.40E-11,965,1382.325231,0.887539996,2.388373359,10.75
4.37E-12,966,1383.212853,0.88770457,2.388355111,10.749
5.66E-12,967,1384.10064,0.887869547,2.388336218,10.748
6.72E-12,968,1384.988592,0.888034926,2.388317416,10.747
8.27E-12,969,1385.87671,0.888200704,2.38829834,10.746
1.02E-11,970,1386.764994,0.888366882,2.388278989,10.745
9.48E-12,971,1387.653444,0.888533457,2.388259364,10.744
1.16E-11,972,1388.542061,0.888700429,2.388239467,10.743
1.42E-11,973,1389.430845,0.888867797,2.388219299,10.742
4.70E-12,974,1390.319797,0.889035559,2.38819886,10.741
5.98E-12,975,1391.208916,0.889203714,2.388178152,10.74
7.38E-12,976,1392.098204,0.88937226,2.388157176,10.739
9.42E-12,977,1392.987661,0.889541198,2.388135932,10.738
1.20E-11,978,1393.877287,0.889710525,2.388114421,10.737
1.23E-11,979,1394.767082,0.889880241,2.388092277,10.736
4.14E-12,980,1395.657047,0.890050344,2.388070237,10.735
5.49E-12,981,1396.547183,0.890220833,2.388047933,10.734
7.04E-12,982,1397.437489,0.890391707,2.388025366,10.733
9.32E-12,983,1398.327966,0.890562966,2.388002538,10.732
1.23E-11,984,1399.218615,0.890734606,2.387979448,10.731
3.93E-12,985,1400.109436,0.890906629,2.387956099,10.731
4.77E-12,986,1401.000428,0.891079032,2.387932491,10.73
6.17E-12,987,1401.891594,0.891251814,2.387908625,10.729
8.27E-12,988,1402.782932,0.891424974,2.387884502,10.728
1.11E-11,989,1403.674444,0.891598512,2.387860122,10.727
3.64E-12,990,1404.566129,0.891772426,2.387835122,10.726
4.56E-12,991,1405.457989,0.891946714,2.387810233,10.725
6.08E-12,992,1406.350023,0.892121377,2.387785091,10.724
8.39E-12,993,1407.242232,0.892296412,2.387759697,10.723
1.11E-11,994,1408.134616,0.892471819,2.387734051,10.721
3.69E-12,995,1409.027176,0.892647596,2.387708154,10.721
4.70E-12,996,1409.919911,0.892823743,2.387682008,10.72
6.39E-12,997,1410.812823,0.893000258,2.387655612,10.719
8.98E-12,998,1411.705912,0.893177141,2.387628969,10.718
1.26E-11,999,1412.599178,0.89335439,2.387602079,10.717
4.03E-12,1000,1413.492621,0.893532003,2.387574577,10.716
5.63E-12,1001,1414.386242,0.893709981,2.387547196,10.715
8.12E-12,1002,1415.280041,0.893888323,2.38751957,10.714
1.17E-11,1003,1416.174018,0.894067026,2.387491701,10.713
4.55E-12,1004,1417.068175,0.89424609,2.387463589,10.712
6.68E-12,1005,1417.962511,0.894425513,2.387435235,10.711
1.01E-11,1006,1418.857026,0.894605296,2.38740664,10.71
3.58E-12,1007,1419.751721,0.894785437,2.387377805,10.71
4.39E-12,1008,1420.646597,0.894965934,2.38734873,10.708
6.54E-12,1009,1421.541653,0.895146787,2.387319418,10.707
1.07E-11,1010,1422.436891,0.895327995,2.387289505,10.706
1.21E-11,1011,1423.33231,0.895509556,2.387259718,10.705
4.93E-12,1012,1424.22791,0.89569147,2.387229696,10.704
7.50E-12,1013,1425.123693,0.895873736,2.387199439,10.703
1.17E-11,1014,1426.019658,0.896056353,2.387168948,10.702
3.91E-12,1015,1426.915805,0.896239319,2.387138223,10.702
5.89E-12,1016,1427.812136,0.896422633,2.387107266,10.701
9.15E-12,1017,1428.708651,0.896606296,2.387076078,10.7
3.72E-12,1018,1429.605349,0.896790304,2.387044658,10.699
5.00E-12,1019,1430.502232,0.896974659,2.387012647,10.698
7.69E-12,1020,1431.399299,0.897159358,2.386980769,10.697
3.46E-12,1021,1432.29655,0.897344401,2.386948662,10.696
5.30E-12,1022,1433.193987,0.897529786,2.386916328,10.695
6.42E-12,1023,1434.09161,0.897715514,2.386883767,10.694
1.03E-11,1024,1434.989419,0.897901582,2.386850981,10.693
4.40E-12,1025,1435.887413,0.898087989,2.386817969,10.692
7.19E-12,1026,1436.785595,0.898274736,2.386784733,10.691
9.52E-12,1027,1437.683963,0.89846182,2.386750912,10.69
4.13E-12,1028,1438.582518,0.898649241,2.386717231,10.689
6.91E-12,1029,1439.481262,0.898836998,2.386683327,10.688
1.18E-11,1030,1440.380193,0.89902509,2.386649202,10.687
4.26E-12,1031,1441.279312,0.899213515,2.386614857,10.687
6.97E-12,1032,1442.17862,0.899402274,2.386580293,10.686
1.41E-11,1033,1443.078116,0.899591365,2.386545509,10.684
4.14E-12,1034,1443.977803,0.899780787,2.386510508,10.684
7.28E-12,1035,1444.877678,0.899970539,2.386474929,10.683
1.21E-11,1036,1445.777744,0.900160621,2.386439495,10.681
4.49E-12,1037,1446.678,0.900351031,2.386403844,10.681
7.53E-12,1038,1447.578446,0.900541768,2.386367979,10.68
3.73E-12,1039,1448.479083,0.900732832,2.3863319,10.679
6.03E-12,1040,1449.379912,0.900924221,2.386295608,10.678
1.09E-11,1041,1450.280932,0.901115935,2.386259103,10.677
4.14E-12,1042,1451.182144,0.901307973,2.386222385,10.677
7.17E-12,1043,1452.083548,0.901500334,2.386185098,10.675
1.31E-11,1044,1452.985144,0.901693016,2.38614796,10.674
5.09E-12,1045,1453.886934,0.90188602,2.386110613,10.674
8.50E-12,1046,1454.788917,0.902079343,2.386073056,10.672
3.65E-12,1047,1455.691093,0.902272986,2.386035291,10.672
5.84E-12,1048,1456.593463,0.902466947,2.385997319,10.671
1.27E-11,1049,1457.496027,0.902661226,2.385959141,10.669
4.30E-12,1050,1458.398785,0.902855821,2.385920398,10.669
7.74E-12,1051,1459.301738,0.903050732,2.385881809,10.668
3.77E-12,1052,1460.204887,0.903245957,2.385843015,10.667
7.19E-12,1053,1461.10823,0.903441497,2.385804018,10.666
1.38E-11,1054,1462.01177,0.903637349,2.385764817,10.665
5.00E-12,1055,1462.915505,0.903833514,2.385725414,10.664
9.73E-12,1056,1463.819437,0.90402999,2.38568581,10.663
3.86E-12,1057,1464.723565,0.904226776,2.385645647,10.662
7.49E-12,1058,1465.627891,0.904423872,2.385605643,10.661
3.42E-12,1059,1466.532413,0.904621276,2.385565439,10.661
5.84E-12,1060,1467.437133,0.904818989,2.385525036,10.66
1.37E-11,1061,1468.342051,0.905017008,2.385484435,10.658
5.84E-12,1062,1469.247167,0.905215334,2.385443637,10.658
8.71E-12,1063,1470.152482,0.905413964,2.385402641,10.657
4.87E-12,1064,1471.057995,0.9056129,2.385361094,10.656
9.79E-12,1065,1471.963708,0.905812138,2.385319709,10.655
3.76E-12,1066,1472.86962,0.90601168,2.385278129,10.654
7.65E-12,1067,1473.775731,0.906211523,2.385236355,10.653
3.63E-12,1068,1474.682043,0.906411668,2.385194388,10.653
6.45E-12,1069,1475.588555,0.906612113,2.385152228,10.652
1.34E-11,1070,1476.495267,0.906812857,2.38510952,10.65
5.66E-12,1071,1477.402181,0.9070139,2.385066978,10.65
1.43E-11,1072,1478.309295,0.90721524,2.385024246,10.648
4.82E-12,1073,1479.216611,0.907416878,2.384981324,10.648
1.19E-11,1074,1480.124129,0.907618811,2.384938212,10.646
5.36E-12,1075,1481.031849,0.907821041,2.384894913,10.646
1.15E-11,1076,1481.939771,0.908023564,2.384851425,10.645
4.93E-12,1077,1482.847896,0.908226381,2.384807395,10.644
1.08E-11,1078,1483.756224,0.908429492,2.384763535,10.643
4.72E-12,1079,1484.664755,0.908632894,2.384719489,10.643
1.22E-11,1080,1485.57349,0.908836588,2.384675257,10.641
4.42E-12,1081,1486.482429,0.909040572,2.384630841,10.641
1.09E-11,1082,1487.391571,0.909244846,2.384586241,10.639
4.31E-12,1083,1488.300918,0.909449408,2.384541104,10.639
1.09E-11,1084,1489.21047,0.909654259,2.384496139,10.637
5.17E-12,1085,1490.120227,0.909859398,2.384450992,10.637
1.17E-11,1086,1491.030189,0.910064823,2.384405664,10.636
5.29E-12,1087,1491.940357,0.910270533,2.384360156,10.636
1.14E-11,1088,1492.85073,0.910476529,2.384314467,10.634
5.46E-12,1089,1493.76131,0.910682809,2.384268245,10.634
1.19E-11,1090,1494.672096,0.910889372,2.384222199,10.632
5.44E-12,1091,1495.583089,0.911096219,2.384175975,10.632
3.51E-12,1092,1496.494288,0.911303347,2.384129573,10.631
7.37E-12,1093,1497.405695,0.911510756,2.384082995,10.63
3.55E-12,1094,1498.31731,0.911718446,2.38403624,10.63
8.07E-12,1095,1499.229132,0.911926415,2.383988957,10.628
3.96E-12,1096,1500.141163,0.912134663,2.383941852,10.628
8.61E-12,1097,1501.053402,0.91234319,2.383894573,10.626
4.19E-12,1098,1501.965849,0.912551994,2.38384712,10.626
1.14E-11,1099,1502.878506,0.912761074,2.383799495,10.624
5.79E-12,1100,1503.791372,0.912970431,2.383751696,10.624
1.34E-11,1101,1504.704447,0.913180062,2.383703374,10.622
6.86E-12,1102,1505.617732,0.913389968,2.383655233,10.622
3.47E-12,1103,1506.531227,0.913600148,2.383606922,10.622
7.76E-12,1104,1507.444932,0.913810601,2.38355844,10.62
3.89E-12,1105,1508.358848,0.914021326,2.383509789,10.62
9.35E-12,1106,1509.272975,0.914232322,2.383460617,10.618
4.61E-12,1107,1510.187313,0.914443589,2.383411629,10.618
1.40E-11,1108,1511.101862,0.914655127,2.383362474,10.616
7.34E-12,1109,1512.016623,0.914866933,2.383313151,10.616
3.50E-12,1110,1512.931596,0.915079008,2.383263662,10.615
8.73E-12,1111,1513.846781,0.915291351,2.383214007,10.614
4.40E-12,1112,1514.762179,0.915503961,2.383163836,10.613
1.14E-11,1113,1515.677789,0.915716838,2.383113851,10.612
5.74E-12,1114,1516.593613,0.915929981,2.383063703,10.612
3.80E-12,1115,1517.509649,0.916143388,2.383013391,10.611
9.83E-12,1116,1518.4259,0.91635706,2.382962916,10.61
5.02E-12,1117,1519.342364,0.916570995,2.382911927,10.609
1.20E-11,1118,1520.259042,0.916785194,2.382861128,10.607
6.55E-12,1119,1521.175934,0.916999654,2.382810168,10.607
3.53E-12,1120,1522.093041,0.917214376,2.382759047,10.607
1.08E-11,1121,1523.010363,0.917429359,2.382707766,10.605
6.08E-12,1122,1523.9279,0.917644602,2.382656325,10.605
3.63E-12,1123,1524.845652,0.917860105,2.382604375,10.604
6.50E-12,1124,1525.76362,0.918075866,2.382552617,10.603
4.39E-12,1125,1526.681804,0.918291886,2.382500701,10.602
1.20E-11,1126,1527.600204,0.918508162,2.382448628,10.601
6.38E-12,1127,1528.51882,0.918724696,2.382396399,10.601
3.64E-12,1128,1529.437654,0.918941486,2.382343663,10.6
1.18E-11,1129,1530.356704,0.919158531,2.382291122,10.598
5.07E-12,1130,1531.275971,0.91937583,2.382238425,10.598
3.56E-12,1131,1532.195455,0.919593384,2.382185574,10.597
9.82E-12,1132,1533.115158,0.919811191,2.382132569,10.596
5.45E-12,1133,1534.035078,0.920029251,2.382079061,10.595
3.52E-12,1134,1534.955216,0.920247563,2.38202575,10.595
1.05E-11,1135,1535.875573,0.920466126,2.381972287,10.593
4.62E-12,1136,1536.796148,0.92068494,2.381918671,10.593
3.30E-12,1137,1537.716943,0.920904004,2.381864904,10.592
8.88E-12,1138,1538.637957,0.921123317,2.381810638,10.59
5.41E-12,1139,1539.55919,0.921342879,2.381756571,10.59
3.58E-12,1140,1540.480642,0.921562689,2.381702354,10.59
1.10E-11,1141,1541.402315,0.921782747,2.381647987,10.588
4.90E-12,1142,1542.324208,0.922003051,2.381593472,10.588
3.33E-12,1143,1543.246321,0.922223602,2.38153846,10.587
1.02E-11,1144,1544.168655,0.922444398,2.38148365,10.585
6.32E-12,1145,1545.09121,0.922665439,2.381428693,10.585
3.82E-12,1146,1546.013986,0.922886724,2.381373588,10.585
1.06E-11,1147,1546.936984,0.923108253,2.381318338,10.583
7.78E-12,1148,1547.860203,0.923330025,2.381262594,10.582
3.83E-12,1149,1548.783644,0.923552039,2.381207054,10.582
1.39E-11,1150,1549.707307,0.923774295,2.381151369,10.58
8.61E-12,1151,1550.631193,0.923996792,2.381095539,10.58
5.13E-12,1152,1551.555301,0.924219529,2.381039567,10.58
3.19E-12,1153,1552.479632,0.924442507,2.380983104,10.579
9.31E-12,1154,1553.404186,0.924665723,2.380926846,10.577
5.55E-12,1155,1554.328963,0.924889178,2.380870446,10.577
4.33E-12,1156,1555.253964,0.925112871,2.380813904,10.576
1.32E-11,1157,1556.179189,0.925336801,2.380756875,10.574
8.55E-12,1158,1557.104638,0.925560968,2.380700052,10.574
5.05E-12,1159,1558.030311,0.925785372,2.38064309,10.573
3.59E-12,1160,1558.956209,0.92601001,2.380585988,10.573
1.21E-11,1161,1559.882331,0.926234884,2.380528746,10.571
7.33E-12,1162,1560.808679,0.926459992,2.38047102,10.57
5.04E-12,1163,1561.735251,0.926685334,2.380413503,10.57
3.31E-12,1164,1562.662049,0.926910908,2.380355848,10.57
9.90E-12,1165,1563.589073,0.927136716,2.380298056,10.568
7.33E-12,1166,1564.516323,0.927362755,2.380240127,10.567
4.02E-12,1167,1565.443799,0.927589025,2.380181716,10.567
3.36E-12,1168,1566.371501,0.927815526,2.380123517,10.566
1.11E-11,1169,1567.29943,0.928042258,2.380065181,10.565
6.80E-12,1170,1568.227585,0.928269219,2.380006711,10.564
4.43E-12,1171,1569.155968,0.928496408,2.379947761,10.563
3.35E-12,1172,1570.084578,0.928723827,2.379889024,10.563
1.21E-11,1173,1571.013416,0.928951472,2.379830153,10.561
8.36E-12,1174,1571.942481,0.929179346,2.37977115,10.561
5.18E-12,1175,1572.871775,0.929407445,2.379712013,10.56
3.55E-12,1176,1573.801296,0.929635771,2.379652401,10.559
1.20E-11,1177,1574.731046,0.929864322,2.379593002,10.558
9.74E-12,1178,1575.661025,0.930093099,2.379533472,10.557
6.96E-12,1179,1576.591233,0.930322099,2.379473812,10.557
4.69E-12,1180,1577.521669,0.930551323,2.379413677,10.556
3.44E-12,1181,1578.452335,0.930780771,2.379353758,10.555
1.07E-11,1182,1579.383231,0.931010441,2.379293709,10.554
8.78E-12,1183,1580.314356,0.931240333,2.379233532,10.553
6.44E-12,1184,1581.245712,0.931470446,2.379173227,10.553
4.47E-12,1185,1582.177297,0.931700781,2.37911245,10.552
3.33E-12,1186,1583.109113,0.931931335,2.37905189,10.551
1.05E-11,1187,1584.04116,0.93216211,2.378991203,10.55
8.87E-12,1188,1584.973438,0.932393104,2.37893039,10.549
5.13E-12,1189,1585.905946,0.932624316,2.378869107,10.549
4.74E-12,1190,1586.838686,0.932855747,2.378808043,10.548
3.19E-12,1191,1587.771658,0.933087395,2.378746854,10.547
1.15E-11,1192,1588.704861,0.93331926,2.37868554,10.546
8.30E-12,1193,1589.638297,0.933551342,2.378623758,10.545
7.09E-12,1194,1590.571964,0.93378364,2.378562197,10.544
4.08E-12,1195,1591.505864,0.934016153,2.378500513,10.544
3.73E-12,1196,1592.439996,0.934248881,2.378438705,10.543
1.40E-11,1197,1593.374362,0.934481823,2.378376775,10.542
1.04E-11,1198,1594.30896,0.934714979,2.378314381,10.541
9.29E-12,1199,1595.243792,0.934948348,2.378252208,10.54
6.22E-12,1200,1596.178857,0.93518193,2.378189914,10.539
