P_out, P_c, E, dE/dP, M, R
9.66E-13,1.5,118.2549716,28.6379357,0.14185518,20.977
9.69E-13,1.6,121.061373,27.51001786,0.148253079,20.028
9.46E-13,1.7,123.7606427,26.4922641,0.154583128,19.25
9.77E-13,1.8,126.3629496,25.56832736,0.160843047,18.603
9.79E-13,1.9,128.8769934,24.72502685,0.167026721,18.055
9.30E-13,2,131.3102822,23.95160575,0.173141676,17.588
9.22E-13,2.1,133.6693464,23.23919041,0.179178275,17.185
9.86E-13,2.2,135.9599061,22.58038936,0.185139959,16.832
9.63E-13,2.3,138.1870034,21.96899162,0.191030031,16.523
9.53E-13,2.4,140.3551083,21.39973646,0.196851548,16.25
9.04E-13,2.5,142.4682051,20.8681356,0.202599589,16.006
9.77E-13,2.6,144.5298615,20.37033421,0.208281057,15.787
9.72E-13,2.7,146.5432871,19.90300122,0.213894852,15.591
9.63E-13,2.8,148.5113805,19.46324189,0.219443615,15.413
8.97E-13,2.9,150.4367699,19.04852749,0.224929864,15.252
9.51E-13,3,152.3218465,18.65663825,0.230355929,15.106
9.02E-13,3.1,154.1687929,18.28561687,0.23572039,14.971
8.59E-13,3.2,155.9796075,17.93373017,0.241025458,14.848
9.51E-13,3.3,157.7561253,17.59943738,0.246273167,14.734
9.84E-13,3.4,159.5000355,17.28136371,0.251465446,14.628
9.36E-13,3.5,161.2128975,16.97827825,0.256604123,14.531
9.45E-13,3.6,162.8961538,16.68907527,0.261687541,14.441
9.81E-13,3.7,164.5511419,16.41275845,0.266724059,14.356
8.73E-13,3.8,166.1791049,16.14842747,0.27170525,14.279
8.79E-13,3.9,167.7811997,15.89526649,0.27663926,14.206
9.63E-13,4,169.3585057,15.6525343,0.28152423,14.136
8.57E-13,4.1,170.9120316,15.41955587,0.286364756,14.073
9.67E-13,4.2,172.4427214,15.19571494,0.291158894,14.012
8.61E-13,4.3,173.9514603,14.98044772,0.295907903,13.955
9.07E-13,4.4,175.4390795,14.77323725,0.300612992,13.902
8.01E-13,4.5,176.9063605,14.57360862,0.305275303,13.852
8.65E-13,4.6,178.3540393,14.38112466,0.309892876,13.804
8.24E-13,4.7,179.7828101,14.19538222,0.314472865,13.759
9.29E-13,4.8,181.193328,14.01600885,0.319013186,13.716
8.09E-13,4.9,182.5862126,13.84265991,0.323514797,13.676
9.21E-13,5,183.9620502,13.67501594,0.327975676,13.637
9.78E-13,6,196.8923178,12.25613593,0.370645527,13.338
7.09E-13,7,208.5871785,11.17890678,0.410198073,13.145
7.36E-13,8,219.3249748,10.32770026,0.447119227,13.01
8.05E-13,9,229.2950609,9.634737444,0.481778293,12.911
6.92E-13,10,238.6328439,9.057417244,0.514461255,12.837
7.66E-13,11,247.4389343,8.567495044,0.545397147,12.779
8.57E-13,12,255.7903951,8.145436546,0.574778607,12.733
8.20E-13,13,263.7477281,7.777260292,0.602758189,12.695
8.94E-13,14,271.359417,7.452670846,0.629467189,12.664
6.76E-13,15,278.6649909,7.163903432,0.655020385,12.638
5.94E-13,16,285.697158,6.904980966,0.679510945,12.615
9.86E-13,17,292.4833297,6.671220488,0.703024556,12.594
9.27E-13,18,299.0467364,6.45889595,0.725634421,12.576
6.62E-13,19,305.4072591,6.265002149,0.74740655,12.56
5.79E-13,20,311.5820618,6.087085884,0.768397875,12.546
8.18E-13,21,317.5860782,5.923122879,0.788660649,12.533
7.96E-13,22,323.4323935,5.771426541,0.808238703,12.52
8.24E-13,23,329.1325453,5.630579277,0.827177376,12.508
7.19E-13,24,334.6967661,5.499380083,0.845511935,12.499
4.22E-13,25,340.1341782,5.376804045,0.863277202,12.488
3.50E-13,26,345.4529538,5.261970692,0.880506348,12.479
4.50E-13,27,350.6604457,5.154119007,0.897226967,12.469
3.20E-13,28,355.7632976,5.052587499,0.913464371,12.461
7.27E-13,29,360.767534,4.956798184,0.929244503,12.451
8.37E-13,30,365.6786382,4.866243588,0.944589995,12.442
6.64E-13,31,370.5016164,4.780476138,0.959520508,12.434
5.38E-13,32,375.2410536,4.699099425,0.97405553,12.426
5.62E-13,33,379.9011609,4.621760972,0.988213168,12.418
7.19E-13,34,384.4858164,4.548146212,1.002011508,12.41
1.28E-12,35,388.9986003,4.477973433,1.015463804,12.403
1.26E-12,36,393.4428259,4.410989524,1.028587206,12.395
1.38E-12,37,397.821566,4.346966377,1.041393076,12.387
1.35E-12,38,402.1376766,4.285697813,1.053895536,12.38
7.05E-13,39,406.3938174,4.226996969,1.066106726,12.372
7.07E-13,40,410.5924697,4.170694044,1.078038039,12.365
8.64E-13,41,414.7359531,4.116634362,1.089699112,12.357
1.83E-12,42,418.826439,4.064676693,1.101101233,12.351
6.73E-13,43,422.8659639,4.014691801,1.112253965,12.343
6.37E-13,44,426.8564406,3.96656117,1.123165292,12.336
6.74E-13,45,430.799668,3.920175898,1.133844876,12.329
1.52E-12,46,434.6973406,3.875435721,1.14429978,12.322
1.34E-12,47,438.5510569,3.832248162,1.154538791,12.315
1.49E-12,48,442.3623259,3.790527771,1.164568186,12.308
1.11E-12,49,446.132575,3.750195462,1.174395967,12.301
1.25E-12,50,449.8631551,3.711177917,1.184027737,12.294
8.88E-13,51,453.5553464,3.673407063,1.193469821,12.287
9.45E-13,52,457.2103636,3.636819599,1.202729241,12.28
2.78E-12,53,460.8293603,3.601356582,1.211810736,12.273
1.08E-12,54,464.4134332,3.566963048,1.220719792,12.266
9.74E-13,55,467.9636258,3.533587675,1.229462623,12.259
2.58E-12,56,471.4809319,3.501182485,1.238043254,12.252
2.54E-12,57,474.9662992,3.469702565,1.246467436,12.246
2.59E-12,58,478.4206314,3.439105827,1.254737848,12.239
2.86E-12,59,481.844792,3.409352781,1.262860773,12.232
1.95E-12,60,485.2396058,3.380406337,1.270839496,12.226
2.69E-12,61,488.6058619,3.352231619,1.278678959,12.219
2.39E-12,62,491.9443154,3.324795802,1.286381208,12.212
2.74E-12,63,495.2556895,3.29806796,1.293951793,12.206
2.84E-12,64,498.5406775,3.272018924,1.301393384,12.199
2.59E-12,65,501.7999444,3.246621164,1.308709416,12.192
1.90E-12,66,505.0341283,3.221848666,1.315904083,12.186
2.70E-12,67,508.2438419,3.197676832,1.322978799,12.179
1.48E-12,68,511.4296744,3.174082381,1.329938392,12.173
1.48E-12,69,514.5921918,3.15104326,1.336784936,12.167
2.41E-12,70,517.731939,3.128538564,1.343521269,12.159
2.02E-12,71,520.8494404,3.10654846,1.350150143,12.153
2.36E-12,72,523.9452012,3.085054117,1.356675045,12.147
4.85E-12,73,527.019708,3.064037646,1.363096841,12.14
1.64E-12,74,530.0734301,3.043482035,1.369419677,12.134
2.02E-12,75,533.1068202,3.023371098,1.375644267,12.127
1.83E-12,76,536.1203154,3.003689426,1.381774568,12.121
5.23E-12,77,539.1143373,2.984422337,1.387811974,12.114
1.92E-12,78,542.0892936,2.965555835,1.393759445,12.109
5.00E-12,79,545.045578,2.947076568,1.399617439,12.101
2.01E-12,80,547.9835715,2.928971791,1.405388783,12.096
4.26E-12,81,550.9036424,2.911229333,1.411076215,12.089
5.31E-12,82,553.8061471,2.893837562,1.416680037,12.083
5.34E-12,83,556.6914307,2.876785356,1.422203653,12.077
5.77E-12,84,559.5598274,2.860062074,1.427647263,12.07
5.49E-12,85,562.4116611,2.843657534,1.433014148,12.064
5.09E-12,86,565.2472455,2.82756198,1.438305185,12.058
5.08E-12,87,568.0668849,2.811766067,1.443521991,12.051
4.73E-12,88,570.8708745,2.796260834,1.448666129,12.045
4.22E-12,89,573.6595006,2.781037689,1.45373912,12.039
5.89E-12,90,576.4330412,2.766088386,1.458742439,12.033
4.49E-12,91,579.191766,2.751405007,1.463678263,12.027
5.57E-12,92,581.9359373,2.736979949,1.468546486,12.021
4.66E-12,93,584.6658096,2.722805906,1.473349208,12.015
5.95E-12,94,587.3816304,2.708875853,1.478088481,12.009
4.65E-12,95,590.0836404,2.695183037,1.482764108,12.003
5.23E-12,96,592.7720734,2.681720958,1.487378789,11.997
3.75E-12,97,595.4471571,2.668483361,1.491932998,11.991
5.14E-12,98,598.1091129,2.655464223,1.496427193,11.985
5.65E-12,99,600.7581564,2.642657741,1.500863954,11.979
3.79E-12,100,603.3944974,2.630058324,1.505243675,11.973
4.31E-12,101,606.0183403,2.617660582,1.509567432,11.968
3.12E-12,102,608.6298841,2.605459318,1.513835573,11.962
3.83E-12,103,611.2293228,2.593449517,1.518050542,11.955
4.35E-12,104,613.8168453,2.581626341,1.522212628,11.95
4.73E-12,105,616.3926361,2.569985116,1.5263228,11.944
3.04E-12,106,618.9568747,2.558521332,1.530382013,11.938
3.47E-12,107,621.5097364,2.547230632,1.534391192,11.933
4.29E-12,108,624.0513923,2.536108802,1.53835123,11.926
3.77E-12,109,626.582009,2.525151772,1.542263691,11.921
4.90E-12,110,629.1017494,2.514355606,1.54612807,11.915
9.34E-12,111,631.6107725,2.503716496,1.549945883,11.909
3.72E-12,112,634.1092335,2.493230756,1.553717947,11.904
3.73E-12,113,636.597284,2.482894823,1.557445725,11.898
4.28E-12,114,639.075072,2.472705243,1.561128656,11.892
9.80E-12,115,641.5427421,2.462658673,1.56476817,11.886
9.25E-12,116,644.0004359,2.452751876,1.568365662,11.881
3.12E-12,117,646.4482914,2.442981713,1.571920537,11.876
4.43E-12,118,648.8864439,2.433345143,1.575434164,11.87
4.75E-12,119,651.3150253,2.423839218,1.57890788,11.864
3.42E-12,120,653.7341649,2.414461078,1.582341059,11.859
3.28E-12,121,656.1439891,2.405207951,1.585735653,11.854
4.72E-12,122,658.5446216,2.396077146,1.589091015,11.847
9.70E-12,123,660.9361833,2.387066051,1.592409062,11.842
3.52E-12,124,663.3187927,2.378172132,1.595689125,11.837
4.12E-12,125,665.6925658,2.369392928,1.598933082,11.831
9.20E-12,126,668.057616,2.360726048,1.602140881,11.826
1.13E-11,127,670.4140546,2.35216917,1.605312471,11.82
4.14E-12,128,672.7619903,2.343720039,1.608449671,11.815
9.57E-12,129,675.1015298,2.335376463,1.611552401,11.81
4.27E-12,130,677.4327777,2.327136309,1.614620581,11.804
8.95E-12,131,679.7558362,2.318997506,1.617655978,11.799
1.22E-11,132,682.0708058,2.310958039,1.620658488,11.793
9.94E-12,133,684.3777848,2.303015948,1.623628,11.788
1.23E-11,134,686.6768695,2.295169325,1.626566238,11.782
9.72E-12,135,688.9681546,2.287416315,1.629473072,11.778
1.24E-11,136,691.2517328,2.279755112,1.632348972,11.772
1.16E-11,137,693.5276949,2.272183957,1.635193802,11.766
4.34E-12,138,695.7961301,2.264701138,1.638009224,11.762
1.27E-11,139,698.057126,2.257304989,1.640795079,11.756
1.04E-11,140,700.3107684,2.249993884,1.643551801,11.751
4.41E-12,141,702.5571416,2.242766242,1.64627982,11.746
8.92E-12,142,704.7963282,2.23562052,1.648978963,11.741
1.27E-11,143,707.0284095,2.228555216,1.651650825,11.735
9.95E-12,144,709.253465,2.221568866,1.654295216,11.731
8.75E-12,145,711.471573,2.214660041,1.65691253,11.726
8.80E-12,146,713.6828104,2.207827347,1.659503154,11.721
1.35E-11,147,715.8872526,2.201069428,1.662067468,11.715
1.23E-11,148,718.0849738,2.194384958,1.664605842,11.71
1.39E-11,149,720.2760466,2.187772644,1.667118066,11.704
1.36E-11,150,722.4605427,2.181231225,1.669605655,11.7
1.32E-11,151,724.6385323,2.17475947,1.672068379,11.695
1.29E-11,152,726.8100845,2.168356177,1.674506582,11.69
1.29E-11,153,728.9752671,2.162020172,1.676920604,11.685
1.30E-11,154,731.1341468,2.155750311,1.679310776,11.68
1.35E-11,155,733.2867894,2.149545474,1.681677423,11.675
9.38E-12,156,735.4332591,2.143404569,1.684020867,11.671
1.00E-11,157,737.5736195,2.137326528,1.686341418,11.666
1.09E-11,158,739.7079328,2.131310309,1.688639386,11.661
1.33E-11,159,741.8362603,2.125354891,1.690915073,11.655
8.66E-12,160,743.9586625,2.11945928,1.693168777,11.651
9.96E-12,161,746.0751985,2.1136225,1.695400788,11.646
1.16E-11,162,748.1859268,2.107843602,1.697611392,11.641
1.11E-11,163,750.2909047,2.102121653,1.699800321,11.636
1.35E-11,164,752.3901888,2.096455744,1.701968953,11.631
9.61E-12,165,754.4838346,2.090844985,1.704117008,11.627
1.21E-11,166,756.5718968,2.085288505,1.706244752,11.622
9.82E-12,167,758.6544294,2.079785453,1.708352446,11.617
1.29E-11,168,760.7314853,2.074334995,1.710440349,11.612
9.81E-12,169,762.8031166,2.068936315,1.712508713,11.608
8.44E-12,170,764.8693749,2.063588617,1.714557787,11.603
1.18E-11,171,766.9303106,2.058291118,1.716587813,11.598
9.40E-12,172,768.9859736,2.053043054,1.718599035,11.594
8.54E-12,173,771.0364129,2.047843677,1.720591687,11.589
1.27E-11,174,773.0816769,2.042692253,1.722566002,11.584
1.19E-11,175,775.1218132,2.037588065,1.724522207,11.579
1.03E-11,176,777.1568686,2.032530409,1.726460526,11.575
1.01E-11,177,779.1868893,2.027518598,1.728381181,11.57
9.07E-12,178,781.2119208,2.022551956,1.730284389,11.566
9.23E-12,179,783.232008,2.017629822,1.732170362,11.561
8.61E-12,180,785.2471951,2.01275155,1.734039311,11.557
9.11E-12,181,787.2575255,2.007916504,1.735891442,11.552
8.83E-12,182,789.2630423,2.003124062,1.737726958,11.548
9.74E-12,183,791.2637877,1.998373615,1.739546059,11.543
1.09E-11,184,793.2598033,1.993664565,1.741348942,11.538
1.13E-11,185,795.2511304,1.988996326,1.743135799,11.534
1.32E-11,186,797.2378094,1.984368323,1.744906821,11.529
1.41E-11,187,799.2198803,1.979779994,1.746662196,11.525
9.48E-12,188,801.1973824,1.975230786,1.748402109,11.521
1.18E-11,189,803.1703547,1.970720156,1.750126739,11.516
8.16E-12,190,805.1388354,1.966247574,1.751836267,11.512
9.52E-12,191,807.1028624,1.961812517,1.75353087,11.508
1.09E-11,192,809.0624728,1.957414474,1.755210715,11.503
8.03E-12,193,811.0177035,1.953052944,1.756875978,11.499
1.11E-11,194,812.9685907,1.948727432,1.758526825,11.494
8.47E-12,195,814.9151702,1.944437457,1.76016342,11.49
1.22E-11,196,816.8574773,1.940182543,1.761785928,11.485
8.67E-12,197,818.7955468,1.935962225,1.763394507,11.482
1.26E-11,198,820.7294131,1.931776044,1.764989316,11.476
1.04E-11,199,822.6591101,1.927623554,1.76657051,11.472
8.77E-12,200,824.5846713,1.923504311,1.768138242,11.468
1.26E-11,201,826.5061297,1.919417884,1.76969266,11.464
1.10E-11,202,828.4235179,1.915363848,1.771233921,11.46
9.59E-12,203,830.336868,1.911341784,1.772762162,11.455
8.73E-12,204,832.246212,1.907351284,1.774277532,11.451
8.12E-12,205,834.151581,1.903391943,1.775780172,11.447
1.45E-11,206,836.0530061,1.899463366,1.777270221,11.442
1.22E-11,207,837.9505178,1.895565165,1.778747816,11.438
1.20E-11,208,839.8441464,1.891696957,1.780213096,11.434
1.21E-11,209,841.7339216,1.887858367,1.781666193,11.43
1.25E-11,210,843.6198729,1.884049026,1.783107239,11.426
1.27E-11,211,845.5020293,1.880268571,1.784536364,11.421
1.37E-11,212,847.3804196,1.876516645,1.785953696,11.417
7.92E-12,213,849.255072,1.872792899,1.787359363,11.414
1.45E-11,214,851.1260146,1.869096989,1.788753486,11.409
9.70E-12,215,852.9932751,1.865428574,1.790136192,11.405
1.13E-11,216,854.8568808,1.861787323,1.791507599,11.401
8.96E-12,217,856.7168587,1.858172908,1.792867354,11.397
9.38E-12,218,858.5732355,1.854585007,1.794216523,11.393
1.16E-11,219,860.4260375,1.851023303,1.795554747,11.389
1.43E-11,220,862.2752907,1.847487486,1.796882141,11.384
9.59E-12,221,864.121021,1.843977248,1.798198818,11.381
1.43E-11,222,865.9632536,1.840492288,1.799504889,11.376
8.56E-12,223,867.8020139,1.837032311,1.800800462,11.373
1.33E-11,224,869.6373265,1.833597023,1.802085648,11.368
8.29E-12,225,871.4692161,1.83018614,1.803360552,11.365
1.34E-11,226,873.2977068,1.826799377,1.80462528,11.36
1.02E-11,227,875.1228228,1.823436457,1.805879936,11.357
7.53E-12,228,876.9445876,1.820097108,1.807124622,11.353
1.16E-11,229,878.7630247,1.816781059,1.80835944,11.349
1.15E-11,230,880.5781574,1.813488046,1.809584027,11.344
9.37E-12,231,882.3900084,1.810217808,1.810799407,11.341
7.56E-12,232,884.1986005,1.806970089,1.812005213,11.337
1.26E-11,233,886.003956,1.803744636,1.813201542,11.333
1.06E-11,234,887.8060971,1.8005412,1.814388487,11.329
1.05E-11,235,889.6050457,1.797359536,1.815566144,11.325
9.18E-12,236,891.4008234,1.794199403,1.816734602,11.321
8.43E-12,237,893.1934516,1.791060564,1.817893955,11.318
7.65E-12,238,894.9829515,1.787942785,1.81904429,11.314
9.43E-12,239,896.7693441,1.784845836,1.820185245,11.31
1.05E-11,240,898.5526501,1.78176949,1.821317813,11.306
1.01E-11,241,900.3328899,1.778713522,1.822441626,11.302
9.90E-12,242,902.1100838,1.775677714,1.823556769,11.298
1.16E-11,243,903.8842519,1.772661849,1.824663328,11.294
1.18E-11,244,905.6554141,1.769665712,1.825761383,11.29
1.28E-11,245,907.4235899,1.766689094,1.826851019,11.287
8.82E-12,246,909.1887987,1.763731787,1.827931869,11.283
1.12E-11,247,910.9510598,1.760793587,1.829004907,11.279
1.24E-11,248,912.7103922,1.757874293,1.830069763,11.275
1.41E-11,249,914.4668146,1.754973706,1.831126517,11.271
9.45E-12,250,916.2203458,1.75209163,1.832175245,11.268
1.11E-11,251,917.971004,1.749227874,1.833216023,11.264
8.93E-12,252,919.7188076,1.746382247,1.834248487,11.261
1.09E-11,253,921.4637745,1.743554561,1.835273591,11.257
7.64E-12,254,923.2059226,1.740744633,1.836290966,11.253
1.01E-11,255,924.9452696,1.737952281,1.837300687,11.25
7.33E-12,256,926.681833,1.735177325,1.838302823,11.246
1.12E-11,257,928.41563,1.732419588,1.839297011,11.242
8.81E-12,258,930.1466778,1.729678896,1.840284192,11.239
1.37E-11,259,931.8749934,1.726955077,1.841263997,11.234
9.60E-12,260,933.6005935,1.724247962,1.842236495,11.231
7.94E-12,261,935.3234949,1.721557383,1.843201754,11.228
7.43E-12,262,937.0437138,1.718883176,1.844159408,11.224
1.12E-11,263,938.7612666,1.716225178,1.845110386,11.22
9.86E-12,264,940.4761695,1.713583229,1.846054321,11.217
7.45E-12,265,942.1884384,1.71095717,1.846991277,11.214
7.56E-12,266,943.8980891,1.708346846,1.847920888,11.21
1.40E-11,267,945.6051372,1.705752103,1.848844076,11.205
1.33E-11,268,947.3095984,1.703172788,1.849760473,11.202
1.09E-11,269,949.0114879,1.700608753,1.850670138,11.199
1.03E-11,270,950.710821,1.698059849,1.851573132,11.195
1.16E-11,271,952.4076126,1.695525931,1.852469093,11.191
1.19E-11,272,954.1018778,1.693006854,1.853358927,11.188
1.05E-11,273,955.7936312,1.690502477,1.854242266,11.185
1.24E-11,274,957.4828876,1.68801266,1.855118748,11.181
1.31E-11,275,959.1696613,1.685537264,1.855989273,11.177
1.22E-11,276,960.8539669,1.683076154,1.856853476,11.174
7.52E-12,277,962.5358184,1.680629194,1.857711411,11.171
9.64E-12,278,964.2152299,1.678196252,1.858562716,11.167
9.56E-12,279,965.8922155,1.675777196,1.859408281,11.164
1.10E-11,280,967.5667889,1.673371897,1.860247743,11.16
8.48E-12,281,969.2389638,1.670980227,1.861080736,11.157
8.86E-12,282,970.9087539,1.668602061,1.861908149,11.154
1.08E-11,283,972.5761724,1.666237273,1.862729614,11.15
1.34E-11,284,974.2412328,1.66388574,1.863545183,11.146
9.39E-12,285,975.9039483,1.661547342,1.864354495,11.143
1.21E-11,286,977.5643318,1.659221958,1.865158426,11.139
1.40E-11,287,979.2223965,1.65690947,1.865956611,11.136
1.18E-11,288,980.878155,1.654609761,1.86674869,11.132
7.94E-12,289,982.5316202,1.652322716,1.867535535,11.13
1.10E-11,290,984.1828047,1.650048221,1.868316778,11.126
8.56E-12,291,985.8317208,1.647786163,1.869092061,11.123
1.24E-11,292,987.4783811,1.645536431,1.869862249,11.119
7.53E-12,293,989.1227978,1.643298916,1.870626977,11.117
7.09E-12,294,990.764983,1.641073508,1.871385886,11.113
1.08E-11,295,992.4049488,1.638860101,1.872139835,11.109
9.23E-12,296,994.0427071,1.63665859,1.872888056,11.106
6.91E-12,297,995.6782699,1.634468869,1.873631406,11.103
1.12E-11,298,997.3116488,1.632290835,1.874369521,11.099
1.01E-11,299,998.9428554,1.630124387,1.875102041,11.096
7.92E-12,300,1000.571901,1.627969423,1.875829819,11.093
1.36E-11,301,1002.198798,1.625825845,1.876552492,11.089
7.17E-12,302,1003.823557,1.623693553,1.8772697,11.087
1.07E-11,303,1005.446189,1.62157245,1.877982289,11.083
1.43E-11,304,1007.066705,1.619462442,1.878689497,11.079
1.08E-11,305,1008.685117,1.617363432,1.879392168,11.077
9.10E-12,306,1010.301436,1.615275327,1.880089937,11.073
1.13E-11,307,1011.915672,1.613198034,1.880782451,11.07
8.58E-12,308,1013.527836,1.611131462,1.881470543,11.067
1.25E-11,309,1015.137938,1.60907552,1.882153458,11.063
9.98E-12,310,1016.74599,1.607030119,1.882832029,11.06
9.52E-12,311,1018.352002,1.604995171,1.883505895,11.057
1.24E-11,312,1019.955984,1.602970587,1.8841747,11.053
1.23E-11,313,1021.557946,1.600956282,1.884839272,11.05
6.67E-12,314,1023.1579,1.598952171,1.88549886,11.048
6.80E-12,315,1024.755854,1.596958168,1.886154288,11.045
9.57E-12,316,1026.35182,1.594974191,1.886804804,11.041
1.02E-11,317,1027.945806,1.593000157,1.887451231,11.038
6.72E-12,318,1029.537823,1.591035985,1.88809282,11.035
7.41E-12,319,1031.127881,1.589081593,1.88873039,11.032
8.31E-12,320,1032.71599,1.587136903,1.889363582,11.029
1.28E-11,321,1034.302158,1.585201835,1.889992043,11.025
6.73E-12,322,1035.886396,1.583276311,1.890616585,11.023
1.07E-11,323,1037.468714,1.581360256,1.891236465,11.019
1.09E-11,324,1039.04912,1.579453591,1.891852492,11.016
8.10E-12,325,1040.627624,1.577556242,1.892463925,11.013
1.01E-11,326,1042.204236,1.575668135,1.89307157,11.01
7.78E-12,327,1043.778964,1.573789196,1.893674687,11.007
1.00E-11,328,1045.351817,1.571919351,1.89427408,11.004
8.01E-12,329,1046.922805,1.570058529,1.89486901,11.001
1.07E-11,330,1048.491937,1.568206659,1.895460278,10.998
8.87E-12,331,1050.059222,1.56636367,1.896047146,10.995
1.19E-11,332,1051.624667,1.564529493,1.896630412,10.991
1.01E-11,333,1053.188283,1.562704058,1.897209343,10.988
1.45E-11,334,1054.750078,1.560887297,1.897784732,10.985
1.29E-11,335,1056.310061,1.559079142,1.898355845,10.982
8.49E-12,336,1057.86824,1.557279528,1.898923476,10.98
7.77E-12,337,1059.424623,1.555488387,1.899486891,10.977
1.16E-11,338,1060.979219,1.553705655,1.90004688,10.973
1.09E-11,339,1062.532037,1.551931267,1.900602714,10.97
1.05E-11,340,1064.083084,1.550165159,1.901154799,10.967
7.51E-12,341,1065.63237,1.548407268,1.901703544,10.965
7.46E-12,342,1067.179902,1.546657531,1.902248218,10.962
1.22E-11,343,1068.725688,1.544915886,1.902789605,10.958
1.25E-11,344,1070.269736,1.543182271,1.903326979,10.955
1.09E-11,345,1071.812055,1.541456627,1.90386112,10.952
1.17E-11,346,1073.352652,1.539738893,1.904391302,10.949
7.72E-12,347,1074.891535,1.53802901,1.904918302,10.947
9.74E-12,348,1076.428713,1.536326919,1.9054414,10.943
1.09E-11,349,1077.964192,1.534632561,1.905960993,10.94
9.15E-12,350,1079.49798,1.53294588,1.906477484,10.938
1.01E-11,351,1081.030086,1.531266818,1.906990148,10.934
8.73E-12,352,1082.560516,1.529595319,1.907499759,10.932
1.04E-11,353,1084.089279,1.527931327,1.908005598,10.929
1.26E-11,354,1085.616382,1.526274787,1.908508059,10.926
1.10E-11,355,1087.141831,1.524625644,1.909007541,10.923
1.37E-11,356,1088.665635,1.522983844,1.909503325,10.92
6.47E-12,357,1090.187801,1.521349334,1.909996176,10.918
8.03E-12,358,1091.708336,1.51972206,1.910485379,10.914
1.06E-11,359,1093.227248,1.518101969,1.910971327,10.911
1.04E-11,360,1094.744543,1.516489011,1.911454412,10.909
1.37E-11,361,1096.260228,1.514883133,1.911933921,10.905
1.37E-11,362,1097.774311,1.513284285,1.912410613,10.903
9.74E-12,363,1099.286799,1.511692416,1.912883777,10.9
1.40E-11,364,1100.797698,1.510107476,1.913353801,10.897
1.42E-11,365,1102.307016,1.508529415,1.913821074,10.894
9.10E-12,366,1103.81476,1.506958186,1.914284889,10.892
1.32E-11,367,1105.320935,1.505393738,1.91474563,10.888
7.24E-12,368,1106.825549,1.503836025,1.915203687,10.886
1.13E-11,369,1108.328609,1.502284999,1.915658351,10.883
7.38E-12,370,1109.830121,1.500740612,1.916110008,10.88
8.62E-12,371,1111.330093,1.499202819,1.916559042,10.878
6.97E-12,372,1112.828529,1.497671572,1.91700475,10.875
9.64E-12,373,1114.325438,1.496146827,1.917447514,10.872
1.36E-11,374,1115.820825,1.494628538,1.917887717,10.869
9.69E-12,375,1117.314697,1.49311666,1.918324657,10.866
7.15E-12,376,1118.807061,1.491611148,1.918758714,10.864
1.07E-11,377,1120.297922,1.49011196,1.91919027,10.861
7.85E-12,378,1121.787287,1.48861905,1.919618625,10.858
1.43E-11,379,1123.275162,1.487132377,1.920044159,10.855
1.31E-11,380,1124.761553,1.485651897,1.92046689,10.852
7.34E-12,381,1126.246468,1.484177569,1.920887198,10.85
1.41E-11,382,1127.729911,1.482709349,1.921304384,10.847
1.12E-11,383,1129.211888,1.481247197,1.921718826,10.844
7.91E-12,384,1130.692407,1.479791072,1.9221309,10.842
6.46E-12,385,1132.171472,1.478340932,1.922539911,10.839
1.32E-11,386,1133.649091,1.476896738,1.922946235,10.836
1.12E-11,387,1135.125268,1.475458449,1.923349889,10.833
8.39E-12,388,1136.60001,1.474026025,1.923751249,10.831
7.31E-12,389,1138.073322,1.472599429,1.924149621,10.828
6.66E-12,390,1139.54521,1.47117862,1.924545378,10.826
1.19E-11,391,1141.015681,1.46976356,1.924938892,10.822
1.13E-11,392,1142.484739,1.468354211,1.925329474,10.82
1.26E-11,393,1143.952391,1.466950535,1.925717495,10.817
1.18E-11,394,1145.418642,1.465552495,1.926102971,10.814
8.16E-12,395,1146.883498,1.464160054,1.926486272,10.812
9.46E-12,396,1148.346964,1.462773174,1.926866713,10.809
9.75E-12,397,1149.809046,1.461391819,1.927244661,10.807
9.68E-12,398,1151.26975,1.460015954,1.927620133,10.804
1.17E-11,399,1152.72908,1.458645542,1.927993146,10.801
8.69E-12,400,1154.187043,1.457280547,1.928364066,10.799
1.09E-11,401,1155.643643,1.455920936,1.928732212,10.796
1.15E-11,402,1157.098886,1.454566672,1.929097945,10.793
1.28E-11,403,1158.552778,1.453217722,1.929461286,10.791
1.17E-11,404,1160.005324,1.451874051,1.929822596,10.788
1.29E-11,405,1161.456528,1.450535625,1.930181196,10.785
7.19E-12,406,1162.906397,1.449202411,1.930537451,10.783
8.25E-12,407,1164.354935,1.447874375,1.930891374,10.78
9.87E-12,408,1165.802147,1.446551484,1.931242979,10.778
9.63E-12,409,1167.248039,1.445233706,1.931592633,10.775
1.19E-11,410,1168.692616,1.443921008,1.931939657,10.773
6.87E-12,411,1170.135883,1.442613357,1.93228441,10.77
8.85E-12,412,1171.577845,1.441310723,1.93262691,10.768
1.09E-11,413,1173.018506,1.440013074,1.932967171,10.765
1.15E-11,414,1174.457872,1.438720377,1.933305548,10.762
7.28E-12,415,1175.895948,1.437432603,1.933641372,10.76
9.47E-12,416,1177.332739,1.43614972,1.933974998,10.757
6.15E-12,417,1178.768249,1.434871697,1.934306443,10.755
8.29E-12,418,1180.202484,1.433598506,1.93463572,10.752
1.13E-11,419,1181.635448,1.432330115,1.934962844,10.749
7.63E-12,420,1183.067146,1.431066494,1.935287828,10.747
7.59E-12,421,1184.497583,1.429807615,1.935611027,10.745
1.31E-11,422,1185.926763,1.428553449,1.935931774,10.742
7.64E-12,423,1187.354691,1.427303965,1.936250422,10.74
1.29E-11,424,1188.781372,1.426059136,1.936566985,10.736
8.13E-12,425,1190.206811,1.424818933,1.936881477,10.735
1.42E-11,426,1191.631012,1.423583328,1.93719391,10.731
1.05E-11,427,1193.053979,1.422352292,1.937504299,10.729
1.17E-11,428,1194.475718,1.421125799,1.937812995,10.727
7.41E-12,429,1195.896232,1.419903819,1.938119333,10.725
1.38E-11,430,1197.315527,1.418686327,1.938423666,10.721
1.08E-11,431,1198.733606,1.417473295,1.938726006,10.719
7.22E-12,432,1200.150475,1.416264697,1.939026365,10.717
5.85E-12,433,1201.566137,1.415060505,1.939324757,10.715
9.85E-12,434,1202.980597,1.413860693,1.939621193,10.712
6.75E-12,435,1204.39386,1.412665235,1.939915686,10.71
9.72E-12,436,1205.805929,1.411474105,1.940208584,10.707
8.33E-12,437,1207.21681,1.410287277,1.940499229,10.705
5.93E-12,438,1208.626505,1.409104726,1.940787966,10.703
1.26E-11,439,1210.035021,1.407926427,1.94107481,10.699
1.12E-11,440,1211.44236,1.406752354,1.941359772,10.697
8.37E-12,441,1212.848527,1.405582482,1.941642863,10.695
6.31E-12,442,1214.253526,1.404416787,1.941924094,10.693
5.85E-12,443,1215.657362,1.403255245,1.94220348,10.691
1.33E-11,444,1217.060038,1.40209783,1.942481029,10.687
1.05E-11,445,1218.461559,1.400944519,1.942756753,10.685
1.01E-11,446,1219.861928,1.399795287,1.943030666,10.683
9.47E-12,447,1221.261151,1.398650112,1.943302776,10.68
7.82E-12,448,1222.65923,1.39750897,1.943573096,10.678
1.34E-11,449,1224.05617,1.396371836,1.943841968,10.675
1.37E-11,450,1225.451975,1.395238689,1.94410874,10.673
1.16E-11,451,1226.846649,1.394109505,1.944373755,10.671
1.17E-11,452,1228.240195,1.392984261,1.944637024,10.668
1.02E-11,453,1229.632618,1.391862935,1.944898556,10.666
1.10E-11,454,1231.023922,1.390745504,1.945158365,10.664
1.15E-11,455,1232.414111,1.389631946,1.945416458,10.661
1.04E-11,456,1233.803187,1.388522239,1.945672847,10.659
1.13E-11,457,1235.191156,1.387416361,1.945927543,10.656
1.28E-11,458,1236.578021,1.386314291,1.946180556,10.654
1.20E-11,459,1237.963786,1.385216006,1.946431896,10.652
1.35E-11,460,1239.348455,1.384121486,1.946681573,10.649
5.93E-12,461,1240.732031,1.383030709,1.946929597,10.647
7.16E-12,462,1242.114517,1.381943654,1.947175979,10.645
7.13E-12,463,1243.495919,1.3808603,1.947420729,10.643
8.35E-12,464,1244.876239,1.379780627,1.947663856,10.64
8.52E-12,465,1246.255482,1.378704613,1.94790537,10.638
1.04E-11,466,1247.63365,1.377632239,1.948145281,10.635
1.32E-11,467,1249.010747,1.376563485,1.948383599,10.633
6.36E-12,468,1250.386778,1.375498329,1.948620332,10.631
6.87E-12,469,1251.761745,1.374436753,1.948855492,10.629
8.73E-12,470,1253.135653,1.373378737,1.949089086,10.626
9.59E-12,471,1254.508504,1.37232426,1.949321126,10.624
5.95E-12,472,1255.880302,1.371273303,1.949551619,10.622
6.76E-12,473,1257.251051,1.370225848,1.949780575,10.62
9.04E-12,474,1258.620755,1.369181874,1.950008004,10.617
1.22E-11,475,1259.989416,1.368141363,1.950233914,10.614
1.45E-11,476,1261.357039,1.367104296,1.950458314,10.612
7.81E-12,477,1262.723626,1.366070654,1.950681214,10.61
1.15E-11,478,1264.089181,1.365040419,1.950902623,10.608
6.34E-12,479,1265.453708,1.364013572,1.951122549,10.606
7.79E-12,480,1266.81721,1.362990094,1.951341,10.604
1.15E-11,481,1268.179689,1.361969968,1.951557987,10.601
6.59E-12,482,1269.541151,1.360953175,1.951773516,10.599
8.39E-12,483,1270.901597,1.359939698,1.951987598,10.597
1.29E-11,484,1272.261031,1.358929518,1.95220024,10.594
7.94E-12,485,1273.619457,1.357922619,1.952411452,10.593
1.25E-11,486,1274.976878,1.356918982,1.95262124,10.59
1.08E-11,487,1276.333296,1.35591859,1.952829296,10.587
5.70E-12,488,1277.688716,1.354921427,1.953036265,10.586
9.29E-12,489,1279.04314,1.353927473,1.953241836,10.583
5.85E-12,490,1280.396572,1.352936714,1.953446017,10.581
9.65E-12,491,1281.749014,1.351949131,1.953648817,10.578
1.41E-11,492,1283.100471,1.350964709,1.953850244,10.576
1.12E-11,493,1284.450945,1.34998343,1.954050305,10.574
6.29E-12,494,1285.800439,1.349005277,1.954249008,10.573
1.10E-11,495,1287.148956,1.348030235,1.954446362,10.57
7.45E-12,496,1288.496501,1.347058288,1.954642374,10.568
1.34E-11,497,1289.843074,1.346089418,1.954837051,10.565
9.16E-12,498,1291.18868,1.34512361,1.955030403,10.563
1.45E-11,499,1292.533322,1.344160849,1.955222435,10.561
5.64E-12,500,1293.877003,1.343201117,1.955412843,10.559
1.06E-11,501,1295.219726,1.342244401,1.955602262,10.556
7.63E-12,502,1296.561493,1.341290683,1.955790384,10.554
1.28E-11,503,1297.902308,1.340339948,1.955977218,10.552
1.16E-11,504,1299.242174,1.339392182,1.956162771,10.55
8.64E-12,505,1300.581093,1.338447368,1.95634705,10.548
5.60E-12,506,1301.919069,1.337505492,1.956530062,10.547
1.14E-11,507,1303.256105,1.336566539,1.956711815,10.544
8.87E-12,508,1304.592204,1.335630493,1.956892315,10.542
1.00E-11,509,1305.927367,1.33469734,1.957071259,10.539
7.94E-12,510,1307.261599,1.333767066,1.957249277,10.537
5.45E-12,511,1308.594902,1.332839655,1.957426064,10.536
1.18E-11,512,1309.927279,1.331915093,1.957601628,10.533
9.77E-12,513,1311.258733,1.330993365,1.957775974,10.531
8.13E-12,514,1312.589267,1.330074458,1.957949109,10.529
6.85E-12,515,1313.918883,1.329158356,1.958121042,10.527
5.84E-12,516,1315.247585,1.328245047,1.958291778,10.525
7.22E-12,517,1316.575374,1.327334516,1.958461015,10.522
6.27E-12,518,1317.902255,1.326426748,1.958629379,10.52
1.27E-11,519,1319.228229,1.325521731,1.958796566,10.518
1.13E-11,520,1320.553299,1.324619451,1.958962584,10.516
1.02E-11,521,1321.877468,1.323719893,1.959127438,10.514
9.31E-12,522,1323.20074,1.322823044,1.959291136,10.512
1.26E-11,523,1324.523115,1.321928891,1.959453375,10.509
1.17E-11,524,1325.844598,1.321037421,1.95961478,10.507
1.11E-11,525,1327.165191,1.32014862,1.959775046,10.505
1.05E-11,526,1328.484897,1.319262475,1.959934182,10.503
1.02E-11,527,1329.803717,1.318378973,1.960092192,10.501
9.91E-12,528,1331.121655,1.317498101,1.960249084,10.499
1.41E-11,529,1332.438714,1.316619846,1.960404558,10.496
1.41E-11,530,1333.754896,1.315744195,1.960559232,10.494
1.43E-11,531,1335.070203,1.314871136,1.960712807,10.492
5.37E-12,532,1336.384639,1.314000655,1.960865287,10.491
5.55E-12,533,1337.698206,1.313132742,1.961016679,10.489
5.80E-12,534,1339.010905,1.312267381,1.961166989,10.487
7.61E-12,535,1340.322741,1.311404563,1.96131592,10.485
8.13E-12,536,1341.633715,1.310544274,1.961464085,10.483
8.77E-12,537,1342.943831,1.309686501,1.961611186,10.481
9.55E-12,538,1344.253089,1.308831234,1.961757228,10.479
1.24E-11,539,1345.561494,1.307978459,1.961902218,10.476
6.34E-12,540,1346.869047,1.307128165,1.962045859,10.475
7.16E-12,541,1348.175751,1.30628034,1.962188762,10.473
8.17E-12,542,1349.481608,1.305434972,1.96233063,10.471
9.41E-12,543,1350.786622,1.304592049,1.962471468,10.469
1.06E-11,544,1352.090793,1.30375156,1.962611281,10.466
6.96E-12,545,1353.394126,1.302913494,1.962749776,10.465
7.99E-12,546,1354.696621,1.302077837,1.962887559,10.462
9.63E-12,547,1355.998282,1.30124458,1.963024335,10.46
1.17E-11,548,1357.299111,1.300413711,1.963160109,10.458
7.72E-12,549,1358.59911,1.299585218,1.963294586,10.456
9.64E-12,550,1359.898282,1.298759091,1.963428374,10.454
1.22E-11,551,1361.196629,1.297935318,1.963561175,10.452
5.60E-12,552,1362.494154,1.297113887,1.963692996,10.451
1.06E-11,553,1363.790858,1.296294789,1.963823542,10.448
1.39E-11,554,1365.086744,1.295478013,1.963953419,10.446
6.59E-12,555,1366.381815,1.294663546,1.964082332,10.445
1.03E-11,556,1367.676072,1.293851379,1.964210284,10.442
6.27E-12,557,1368.969518,1.293041501,1.964336984,10.441
8.23E-12,558,1370.262156,1.292233902,1.964463033,10.438
1.13E-11,559,1371.553987,1.29142857,1.964588139,10.436
5.64E-12,560,1372.845014,1.290625495,1.964712306,10.435
1.17E-11,561,1374.135238,1.289824667,1.964835241,10.432
5.97E-12,562,1375.424664,1.289026075,1.964957546,10.431
1.01E-11,563,1376.713291,1.288229709,1.965078926,10.428
5.34E-12,564,1378.001124,1.287435559,1.965199388,10.427
1.15E-11,565,1379.288163,1.286643615,1.965318638,10.424
1.39E-11,566,1380.574412,1.285853866,1.965437276,10.422
8.71E-12,567,1381.859872,1.285066303,1.96555501,10.42
1.34E-11,568,1383.144545,1.284280916,1.965671844,10.418
1.08E-11,569,1384.428434,1.283497694,1.965787488,10.416
6.02E-12,570,1385.711541,1.282716627,1.965902538,10.415
9.45E-12,571,1386.993868,1.281937707,1.966016702,10.413
7.87E-12,572,1388.275417,1.281160923,1.96612969,10.411
1.27E-11,573,1389.556191,1.280386266,1.966242099,10.409
6.99E-12,574,1390.836191,1.279613725,1.966353635,10.407
1.14E-11,575,1392.115419,1.278843292,1.966464304,10.405
9.92E-12,576,1393.393878,1.278074957,1.966573817,10.403
5.85E-12,577,1394.67157,1.277308711,1.966682767,10.402
1.18E-11,578,1395.948496,1.276544543,1.966790864,10.399
1.06E-11,579,1397.224659,1.275782446,1.966897818,10.397
5.22E-12,580,1398.500062,1.275022409,1.967004222,10.396
1.08E-11,581,1399.774705,1.274264423,1.967109786,10.393
9.93E-12,582,1401.048591,1.27350848,1.967214221,10.391
6.31E-12,583,1402.321722,1.27275457,1.967318119,10.39
1.14E-11,584,1403.594101,1.272002684,1.96742119,10.388
6.98E-12,585,1404.865729,1.271252814,1.967523438,10.386
6.73E-12,586,1406.136607,1.270504949,1.967624577,10.384
1.25E-11,587,1407.406739,1.269759082,1.967725193,10.382
9.75E-12,588,1408.676126,1.269015204,1.967825,10.38
9.69E-12,589,1409.94477,1.268273305,1.96792371,10.378
6.59E-12,590,1411.212673,1.267533378,1.968021911,10.377
1.22E-11,591,1412.479838,1.266795413,1.968119313,10.374
1.25E-11,592,1413.746265,1.266059402,1.968215633,10.372
8.64E-12,593,1415.011957,1.265325337,1.968311455,10.371
7.12E-12,594,1416.276916,1.264593208,1.968406491,10.369
7.53E-12,595,1417.541144,1.263863008,1.968500457,10.367
1.25E-11,596,1418.804643,1.263134728,1.968593936,10.365
1.07E-11,597,1420.067414,1.262408359,1.968686643,10.363
1.17E-11,598,1421.32946,1.261683894,1.968778292,10.361
8.57E-12,599,1422.590783,1.260961325,1.968869465,10.36
6.11E-12,600,1423.851383,1.260240642,1.968959876,10.358
6.82E-12,601,1425.111264,1.259521838,1.969049244,10.356
6.05E-12,602,1426.370428,1.258804905,1.969138146,10.354
6.91E-12,603,1427.628875,1.258089835,1.969226011,10.352
5.43E-12,604,1428.886608,1.25737662,1.969313419,10.351
1.16E-11,605,1430.143629,1.256665251,1.969400085,10.348
1.37E-11,606,1431.399939,1.255955721,1.969485726,10.346
1.08E-11,607,1432.655541,1.255248023,1.969570921,10.345
1.04E-11,608,1433.910436,1.254542148,1.969655385,10.343
1.01E-11,609,1435.164626,1.253838088,1.969738836,10.341
9.80E-12,610,1436.418113,1.253135836,1.969821851,10.339
8.04E-12,611,1437.670898,1.252435384,1.969904147,10.338
1.00E-11,612,1438.922984,1.251736725,1.969985441,10.336
8.10E-12,613,1440.174372,1.251039851,1.97006631,10.334
1.03E-11,614,1441.425064,1.250344754,1.970146184,10.332
1.06E-11,615,1442.675062,1.249651427,1.97022564,10.33
9.09E-12,616,1443.924368,1.248959863,1.970304394,10.329
1.15E-11,617,1445.172982,1.248270053,1.970382166,10.326
1.00E-11,618,1446.420908,1.247581992,1.970459529,10.325
5.43E-12,619,1447.668147,1.24689567,1.970535916,10.323
1.44E-11,620,1448.9147,1.246211082,1.970611902,10.321
1.25E-11,621,1450.16057,1.24552822,1.970687203,10.319
5.87E-12,622,1451.405757,1.244847077,1.970761541,10.318
6.44E-12,623,1452.650264,1.244167645,1.970835486,10.316
9.09E-12,624,1453.894093,1.243489918,1.970908473,10.314
8.17E-12,625,1455.137245,1.242813888,1.970981075,10.312
7.72E-12,626,1456.379721,1.242139548,1.97105301,10.311
1.32E-11,627,1457.621525,1.241466892,1.971123998,10.308
1.22E-11,628,1458.862656,1.240795912,1.97119461,10.306
6.15E-12,629,1460.103117,1.240126602,1.971264282,10.305
6.11E-12,630,1461.34291,1.239458955,1.971333584,10.304
5.81E-12,631,1462.582035,1.238792963,1.971402235,10.302
8.75E-12,632,1463.820496,1.238128621,1.971469958,10.3
1.07E-11,633,1465.058293,1.237465921,1.971537319,10.298
5.59E-12,634,1466.295428,1.236804856,1.971603757,10.297
5.51E-12,635,1467.531903,1.236145421,1.971669841,10.295
8.58E-12,636,1468.76772,1.235487607,1.971735008,10.293
1.10E-11,637,1470.002879,1.23483141,1.971799827,10.291
1.11E-11,638,1471.237383,1.234176822,1.971864016,10.289
6.03E-12,639,1472.471233,1.233523836,1.971927302,10.288
7.85E-12,640,1473.704431,1.232872446,1.971990246,10.286
1.22E-11,641,1474.936979,1.232222647,1.97205229,10.283
1.36E-11,642,1476.168877,1.23157443,1.972114001,10.282
7.64E-12,643,1477.400128,1.230927791,1.972174818,10.281
9.73E-12,644,1478.630733,1.230282722,1.972235306,10.278
1.12E-11,645,1479.860694,1.229639217,1.972295187,10.277
6.48E-12,646,1481.090012,1.22899727,1.972354187,10.276
7.13E-12,647,1482.318689,1.228356875,1.972412864,10.274
5.05E-12,648,1483.546726,1.227718026,1.972470665,10.272
5.95E-12,649,1484.774126,1.227080716,1.972528151,10.271
1.03E-11,650,1486.000888,1.22644494,1.972584766,10.268
4.88E-12,651,1487.227016,1.22581069,1.972641071,10.267
9.00E-12,652,1488.45251,1.225177962,1.972696512,10.265
1.05E-11,653,1489.677373,1.224546749,1.972751648,10.263
6.45E-12,654,1490.901604,1.223917045,1.972805926,10.262
9.73E-12,655,1492.125207,1.223288844,1.972859905,10.26
5.85E-12,656,1493.348183,1.22266214,1.972913031,10.258
8.69E-12,657,1494.570532,1.222036927,1.972965864,10.256
1.07E-11,658,1495.792257,1.2214132,1.973018127,10.254
7.02E-12,659,1497.013359,1.220790953,1.973069548,10.253
1.08E-11,660,1498.233839,1.220170179,1.973120681,10.251
5.74E-12,661,1499.4537,1.219550873,1.973170978,10.25
9.10E-12,662,1500.672941,1.21893303,1.973220993,10.248
6.09E-12,663,1501.891566,1.218316643,1.973270177,10.247
9.30E-12,664,1503.109575,1.217701707,1.973319084,10.244
6.45E-12,665,1504.32697,1.217088216,1.973367166,10.243
8.50E-12,666,1505.543752,1.216476165,1.973414976,10.241
5.83E-12,667,1506.759923,1.215865548,1.973461967,10.24
9.84E-12,668,1507.975484,1.215256359,1.973508691,10.238
6.68E-12,669,1509.190436,1.214648594,1.9735546,10.236
1.12E-11,670,1510.404781,1.214042245,1.973600248,10.234
8.17E-12,671,1511.618521,1.213437309,1.973645087,10.233
1.12E-11,672,1512.831656,1.21283378,1.973689669,10.231
9.78E-12,673,1514.044189,1.212231651,1.973733448,10.229
1.38E-11,674,1515.25612,1.211630918,1.973776974,10.227
1.03E-11,675,1516.467451,1.211031576,1.973819703,10.226
6.12E-12,676,1517.678184,1.210433619,1.973862185,10.225
1.34E-11,677,1518.888319,1.209837041,1.973903874,10.222
7.94E-12,678,1520.097858,1.209241838,1.97394532,10.221
4.93E-12,679,1521.306803,1.208648005,1.973985979,10.22
9.18E-12,680,1522.515155,1.208055535,1.974026399,10.218
8.57E-12,681,1523.722915,1.207464424,1.974066038,10.216
1.30E-11,682,1524.930084,1.206874667,1.974105443,10.214
1.04E-11,683,1526.136665,1.206286259,1.974144072,10.213
5.15E-12,684,1527.342657,1.205699194,1.97418247,10.212
5.06E-12,685,1528.548063,1.205113468,1.974220098,10.21
7.91E-12,686,1529.752885,1.204529075,1.9742575,10.208
7.70E-12,687,1530.957122,1.20394601,1.974294137,10.206
6.47E-12,688,1532.160777,1.203364269,1.974330281,10.205
1.04E-11,689,1533.363851,1.202783846,1.974366208,10.203
1.05E-11,690,1534.566345,1.202204737,1.974401375,10.201
5.60E-12,691,1535.768261,1.201626936,1.974436328,10.2
4.74E-12,692,1536.969599,1.201050438,1.974470527,10.199
9.53E-12,693,1538.170362,1.20047524,1.974504516,10.196
8.31E-12,694,1539.37055,1.199901335,1.974537757,10.195
5.76E-12,695,1540.570165,1.19932872,1.974570792,10.194
4.86E-12,696,1541.769208,1.198757389,1.974603082,10.192
1.05E-11,697,1542.96768,1.198187337,1.974635171,10.19
8.99E-12,698,1544.165583,1.19761856,1.974666521,10.188
6.30E-12,699,1545.362918,1.197051054,1.974697674,10.187
5.51E-12,700,1546.559686,1.196484813,1.974728092,10.185
5.18E-12,701,1547.755888,1.195919832,1.974758047,10.184
9.31E-12,702,1548.951526,1.195356108,1.974787811,10.182
1.05E-11,703,1550.146601,1.194793635,1.974816848,10.18
6.20E-12,704,1551.341114,1.194232409,1.974845697,10.179
7.00E-12,705,1552.535066,1.193672425,1.974873824,10.177
5.22E-12,706,1553.728459,1.193113679,1.974901767,10.176
1.26E-11,707,1554.921294,1.192556166,1.974928992,10.174
9.71E-12,708,1556.113572,1.191999882,1.974956037,10.173
9.14E-12,709,1557.305294,1.191444822,1.974982369,10.171
1.10E-11,710,1558.496462,1.190890982,1.975008257,10.169
6.81E-12,711,1559.687076,1.190338357,1.975033972,10.168
8.24E-12,712,1560.877139,1.189786943,1.97505898,10.166
5.22E-12,713,1562.066651,1.189236735,1.975083817,10.165
6.38E-12,714,1563.255613,1.18868773,1.975107952,10.163
6.31E-12,715,1564.444026,1.188139923,1.975131654,10.161
5.09E-12,716,1565.631893,1.187593309,1.975155192,10.16
5.12E-12,717,1566.819213,1.187047884,1.975178033,10.158
1.11E-11,718,1568.005989,1.186503644,1.975200715,10.157
1.14E-11,719,1569.192221,1.185960585,1.975222704,10.155
9.50E-12,720,1570.377911,1.185418702,1.975244536,10.154
9.90E-12,721,1571.563059,1.184877991,1.975265681,10.152
1.30E-11,722,1572.747667,1.184338448,1.975286406,10.15
8.90E-12,723,1573.931736,1.183800069,1.975306981,10.149
1.19E-11,724,1575.115268,1.18326285,1.975326874,10.147
8.24E-12,725,1576.298262,1.182726786,1.975346618,10.146
1.13E-11,726,1577.480721,1.182191874,1.975365687,10.144
1.23E-11,727,1578.662646,1.181658109,1.975384344,10.142
1.10E-11,728,1579.844038,1.181125487,1.975402861,10.141
1.21E-11,729,1581.024898,1.180594004,1.975420705,10.139
1.10E-11,730,1582.205226,1.180063656,1.97543841,10.138
1.23E-11,731,1583.385025,1.17953444,1.975455449,10.136
5.50E-12,732,1584.564296,1.17900635,1.975472088,10.135
1.29E-11,733,1585.743038,1.178479384,1.975488592,10.133
5.89E-12,734,1586.921255,1.177953537,1.975504436,10.132
1.40E-11,735,1588.098946,1.177428805,1.975520148,10.13
6.51E-12,736,1589.276113,1.176905184,1.975535204,10.129
7.68E-12,737,1590.452757,1.176382671,1.975549868,10.127
7.42E-12,738,1591.628879,1.175861261,1.975564407,10.126
8.87E-12,739,1592.80448,1.175340951,1.975578295,10.124
1.32E-11,740,1593.979561,1.174821737,1.975591797,10.122
1.05E-11,741,1595.154123,1.174303615,1.975605178,10.121
5.09E-12,742,1596.328168,1.173786582,1.975617915,10.12
1.29E-11,743,1597.501697,1.173270632,1.975630532,10.118
5.08E-12,744,1598.67471,1.172755763,1.975642509,10.117
7.97E-12,745,1599.847209,1.172241972,1.975654109,10.115
6.47E-12,746,1601.019194,1.171729253,1.975665595,10.114
1.04E-11,747,1602.190668,1.171217604,1.975676447,10.112
1.33E-11,748,1603.36163,1.17070702,1.975686925,10.11
1.39E-11,749,1604.532082,1.170197499,1.975697297,10.109
5.70E-12,750,1605.702025,1.169689036,1.975707037,10.108
6.06E-12,751,1606.87146,1.169181628,1.975716672,10.107
7.96E-12,752,1608.040389,1.168675271,1.975725681,10.105
1.35E-11,753,1609.208811,1.168169962,1.975734326,10.103
1.38E-11,754,1610.376729,1.167665696,1.97574287,10.101
5.94E-12,755,1611.544143,1.167162471,1.975750794,10.1
9.94E-12,756,1612.711054,1.166660283,1.975758359,10.098
9.01E-12,757,1613.877464,1.166159128,1.975765827,10.097
4.88E-12,758,1615.043373,1.165659003,1.975772681,10.096
6.84E-12,759,1616.208782,1.165159904,1.975779179,10.094
7.82E-12,760,1617.373693,1.164661828,1.975785587,10.093
1.10E-11,761,1618.538106,1.164164772,1.975791384,10.091
6.19E-12,762,1619.702023,1.163668731,1.975796831,10.09
5.67E-12,763,1620.865444,1.163173702,1.975802192,10.089
9.76E-12,764,1622.028371,1.162679683,1.975806947,10.086
4.71E-12,765,1623.190804,1.162186669,1.975811357,10.086
5.35E-12,766,1624.352744,1.161694657,1.975815685,10.084
9.87E-12,767,1625.514194,1.161203644,1.975819413,10.082
4.61E-12,768,1626.675152,1.160713627,1.9758228,10.081
1.44E-11,769,1627.835621,1.160224601,1.975826109,10.079
8.59E-12,770,1628.995602,1.159736565,1.975828823,10.078
1.31E-11,771,1630.155095,1.159249514,1.975831201,10.076
5.03E-12,772,1631.314101,1.158763444,1.975833505,10.076
9.22E-12,773,1632.472622,1.158278354,1.975835218,10.073
4.76E-12,774,1633.630658,1.15779424,1.975836601,10.073
5.77E-12,775,1634.788211,1.157311098,1.975837913,10.071
9.20E-12,776,1635.945281,1.156828925,1.975838639,10.069
5.70E-12,777,1637.101869,1.156347717,1.97583904,10.068
5.81E-12,778,1638.257976,1.155867473,1.975839374,10.067
1.21E-11,779,1639.413604,1.155388188,1.975839127,10.065
5.99E-12,780,1640.568753,1.154909859,1.975838559,10.064
7.67E-12,781,1641.723424,1.154432484,1.975837927,10.062
4.94E-12,782,1642.877618,1.153956058,1.97583672,10.061
8.26E-12,783,1644.031336,1.15348058,1.975835195,10.059
1.06E-11,784,1645.18458,1.153006045,1.975833611,10.057
5.78E-12,785,1646.337349,1.152532451,1.975831457,10.057
1.19E-11,786,1647.489645,1.152059794,1.975828989,10.054
7.81E-12,787,1648.641469,1.151588072,1.975826209,10.053
8.86E-12,788,1649.792821,1.151117281,1.975823376,10.052
4.73E-12,789,1650.943704,1.150647418,1.975819977,10.051
1.05E-11,790,1652.094117,1.150178481,1.975816271,10.049
1.42E-11,791,1653.244061,1.149710466,1.975812515,10.047
9.84E-12,792,1654.393538,1.149243371,1.975808199,10.046
5.44E-12,793,1655.542548,1.148777192,1.975803578,10.045
7.38E-12,794,1656.691092,1.148311926,1.975798911,10.043
1.44E-11,795,1657.839172,1.14784757,1.975793688,10.042
9.69E-12,796,1658.986788,1.147384122,1.975788166,10.04
5.77E-12,797,1660.133941,1.146921578,1.975782346,10.04
8.33E-12,798,1661.280631,1.146459936,1.975776484,10.038
4.72E-12,799,1662.426861,1.145999193,1.975770072,10.037
1.14E-11,800,1663.57263,1.145539345,1.975763365,10.035
5.06E-12,801,1664.71794,1.14508039,1.97575662,10.034
9.73E-12,802,1665.862791,1.144622325,1.97574933,10.032
7.27E-12,803,1667.007185,1.144165147,1.97574175,10.031
1.39E-11,804,1668.151122,1.143708853,1.97573388,10.029
6.45E-12,805,1669.294603,1.143253441,1.975725977,10.028
4.90E-12,806,1670.437629,1.142798907,1.975717534,10.027
9.70E-12,807,1671.580201,1.142345249,1.975708805,10.025
4.52E-12,808,1672.72232,1.141892464,1.975700046,10.024
1.15E-11,809,1673.863986,1.14144055,1.975690752,10.022
7.13E-12,810,1675.005201,1.140989502,1.975681176,10.021
1.45E-11,811,1676.145965,1.14053932,1.97567132,10.019
8.74E-12,812,1677.28628,1.140089999,1.975661438,10.018
5.55E-12,813,1678.426146,1.139641537,1.975651026,10.017
1.16E-11,814,1679.565563,1.139193932,1.975640337,10.015
9.32E-12,815,1680.704534,1.13874718,1.975629374,10.014
4.58E-12,816,1681.843058,1.13830128,1.975618388,10.013
9.83E-12,817,1682.981137,1.137856228,1.975606878,10.011
8.06E-12,818,1684.118771,1.137412021,1.975595097,10.01
6.20E-12,819,1685.255961,1.136968658,1.975583044,10.008
8.81E-12,820,1686.392708,1.136526134,1.975570975,10.007
7.39E-12,821,1687.529014,1.136084449,1.975558387,10.006
5.78E-12,822,1688.664877,1.135643598,1.975545531,10.004
1.37E-11,823,1689.800301,1.13520358,1.975532409,10.003
7.17E-12,824,1690.935285,1.134764392,1.975519275,10.002
5.73E-12,825,1692.06983,1.134326031,1.975505626,9.999999998
1.34E-11,826,1693.203937,1.133888495,1.975491715,9.997999795
1.16E-11,827,1694.337607,1.133451781,1.975477543,9.996999696
6.04E-12,828,1695.470841,1.133015886,1.975463362,9.995999598
1.44E-11,829,1696.603639,1.132580808,1.975448672,9.993999395
1.28E-11,830,1697.736003,1.132146545,1.975433724,9.992999295
9.00E-12,831,1698.867933,1.131713094,1.97541852,9.991999197
4.91E-12,832,1699.999429,1.131280451,1.975403311,9.990999099
4.48E-12,833,1701.130494,1.130848616,1.975387598,9.989998999
1.06E-11,834,1702.261127,1.130417585,1.975371631,9.987998796
9.36E-12,835,1703.391329,1.129987356,1.975355412,9.985998597
5.11E-12,836,1704.521102,1.129557927,1.975339192,9.984998499
1.33E-11,837,1705.650445,1.129129294,1.975322474,9.983998395
1.20E-11,838,1706.779361,1.128701456,1.975305506,9.981998196
1.14E-11,839,1707.907849,1.12827441,1.975288291,9.980998096
6.39E-12,840,1709.03591,1.127848153,1.975271078,9.979997998
4.89E-12,841,1710.163545,1.127422684,1.975253372,9.978997899
1.23E-11,842,1711.290755,1.126997999,1.975235421,9.976997696
1.19E-11,843,1712.417541,1.126574097,1.975217226,9.975997596
1.11E-11,844,1713.543904,1.126150975,1.975198789,9.973997396
6.48E-12,845,1714.669844,1.12572863,1.97518036,9.972997298
6.45E-12,846,1715.795361,1.125307061,1.975161443,9.971997198
5.09E-12,847,1716.920458,1.124886264,1.975142286,9.970997099
4.70E-12,848,1718.045134,1.124466238,1.975122891,9.968996899
4.75E-12,849,1719.169391,1.12404698,1.975103259,9.967996799
8.32E-12,850,1720.293228,1.123628488,1.97508364,9.966996697
7.94E-12,851,1721.416648,1.12321076,1.975063537,9.964996497
6.46E-12,852,1722.53965,1.122793792,1.975043201,9.963996398
6.66E-12,853,1723.662236,1.122377584,1.975022632,9.962996298
1.39E-11,854,1724.784406,1.121962132,1.975002078,9.960996095
1.14E-11,855,1725.90616,1.121547434,1.974981046,9.959995996
1.16E-11,856,1727.027501,1.121133489,1.974959784,9.957995796
1.22E-11,857,1728.148428,1.120720293,1.974938294,9.956995696
1.01E-11,858,1729.268942,1.120307845,1.974916575,9.955995596
6.54E-12,859,1730.389044,1.119896142,1.974894877,9.954995498
6.72E-12,860,1731.508734,1.119485182,1.974872706,9.952995298
7.29E-12,861,1732.628014,1.119074963,1.97485031,9.951995198
6.28E-12,862,1733.746884,1.118665482,1.97482769,9.950995098
6.54E-12,863,1734.865345,1.118256738,1.974804847,9.948994898
1.44E-11,864,1735.983398,1.117848728,1.974782029,9.946994694
4.75E-12,865,1737.101043,1.11744145,1.974758743,9.946994699
4.28E-12,866,1738.218281,1.117034902,1.974735238,9.945994599
4.50E-12,867,1739.335113,1.116629081,1.974711513,9.943994399
5.12E-12,868,1740.45154,1.116223986,1.97468757,9.942994298
9.85E-12,869,1741.567561,1.115819614,1.974663655,9.941994197
1.09E-11,870,1742.683179,1.115415964,1.974639279,9.939993996
9.84E-12,871,1743.798393,1.115013032,1.974614687,9.938993897
1.36E-11,872,1744.913205,1.114610818,1.974589881,9.936993695
1.28E-11,873,1746.027615,1.114209318,1.974564861,9.935993595
1.40E-11,874,1747.141624,1.113808531,1.974539628,9.933993395
8.35E-12,875,1748.255233,1.113408454,1.97451443,9.933993397
9.94E-12,876,1749.368441,1.113009086,1.974488776,9.932993297
1.14E-11,877,1750.481251,1.112610425,1.974462911,9.930993096
1.27E-11,878,1751.593662,1.112212468,1.974436838,9.928992895
1.26E-11,879,1752.705676,1.111815213,1.974410556,9.927992795
9.53E-12,880,1753.817293,1.111418658,1.974384312,9.927992797
1.12E-11,881,1754.928514,1.111022801,1.974357618,9.925992596
1.28E-11,882,1756.039339,1.110627641,1.974330718,9.923992395
1.29E-11,883,1757.149769,1.110233174,1.974303614,9.922992295
4.73E-12,884,1758.259806,1.1098394,1.974276306,9.922992299
5.59E-12,885,1759.369448,1.109446316,1.974248795,9.920992098
1.43E-11,886,1760.478698,1.109053919,1.974221326,9.918991894
4.28E-12,887,1761.587556,1.108662209,1.974193413,9.918991899
5.51E-12,888,1762.696023,1.108271183,1.9741653,9.917991798
6.72E-12,889,1763.804099,1.107880839,1.974136988,9.915991598
6.82E-12,890,1764.911785,1.107491175,1.974108476,9.914991498
8.55E-12,891,1766.019082,1.107102189,1.974079768,9.912991297
6.66E-12,892,1767.12599,1.106713879,1.974051105,9.911991198
8.89E-12,893,1768.23251,1.106326243,1.974022005,9.910991097
9.13E-12,894,1769.338642,1.10593928,1.973992709,9.909990997
1.18E-11,895,1770.444388,1.105552987,1.973963219,9.907990796
4.32E-12,896,1771.549748,1.105167362,1.973933536,9.906990699
5.90E-12,897,1772.654723,1.104782404,1.97390366,9.905990598
4.74E-12,898,1773.759313,1.10439811,1.973873835,9.904990499
5.14E-12,899,1774.86352,1.104014479,1.973843576,9.903990398
6.76E-12,900,1775.967343,1.103631509,1.973813128,9.901990198
7.44E-12,901,1777.070783,1.103249197,1.973782491,9.900990098
1.22E-11,902,1778.173841,1.102867543,1.973751665,9.898989895
1.37E-11,903,1779.276518,1.102486544,1.973720652,9.897989795
5.30E-12,904,1780.378815,1.102106197,1.973689452,9.896989698
4.44E-12,905,1781.480731,1.101726503,1.973658307,9.895989599
5.06E-12,906,1782.582268,1.101347457,1.973626736,9.894989498
7.33E-12,907,1783.683426,1.10096906,1.973594981,9.893989398
1.01E-11,908,1784.784206,1.100591308,1.973563041,9.891989196
1.36E-11,909,1785.884609,1.1002142,1.973530919,9.889988995
4.59E-12,910,1786.984635,1.099837735,1.973498615,9.889988999
6.73E-12,911,1788.084285,1.099461909,1.97346613,9.888988898
5.92E-12,912,1789.183559,1.099086722,1.973433705,9.887988798
8.46E-12,913,1790.282458,1.098712172,1.97340086,9.885988597
1.18E-11,914,1791.380983,1.098338257,1.973367836,9.883988396
1.42E-11,915,1792.479135,1.097964975,1.973334633,9.882988294
5.93E-12,916,1793.576914,1.097592325,1.973301253,9.881988198
9.06E-12,917,1794.67432,1.097220304,1.973267697,9.880988097
1.29E-11,918,1795.771354,1.096848911,1.973233965,9.878987895
4.54E-12,919,1796.868018,1.096478144,1.973200057,9.878987899
4.18E-12,920,1797.964311,1.096108001,1.973166215,9.877987799
6.25E-12,921,1799.060234,1.095738481,1.97313196,9.875987598
9.90E-12,922,1800.155788,1.095369581,1.973097532,9.874987496
4.19E-12,923,1801.250973,1.095001301,1.973062931,9.873987399
5.24E-12,924,1802.345791,1.094633638,1.973028159,9.872987298
8.05E-12,925,1803.440241,1.094266591,1.972993217,9.870987097
1.21E-11,926,1804.534324,1.093900157,1.972958104,9.868986895
5.67E-12,927,1805.628041,1.093534336,1.972922823,9.868986898
5.46E-12,928,1806.721393,1.093169126,1.972887612,9.867986798
6.92E-12,929,1807.81438,1.092804524,1.972851994,9.866986698
1.10E-11,930,1808.907002,1.092440529,1.972816209,9.864986496
4.92E-12,931,1809.999261,1.09207714,1.972780257,9.863986399
6.40E-12,932,1811.091157,1.091714354,1.97274414,9.862986298
1.30E-11,933,1812.18269,1.091352171,1.972707858,9.860986095
4.90E-12,934,1813.273861,1.090990588,1.972671412,9.860986099
7.95E-12,935,1814.364671,1.090629604,1.972634802,9.858985897
1.27E-11,936,1815.455121,1.090269217,1.972598029,9.856985695
1.28E-11,937,1816.54521,1.089909426,1.972561332,9.855985595
4.98E-12,938,1817.63494,1.089550228,1.972524236,9.855985599
1.04E-11,939,1818.724311,1.089191623,1.972486979,9.853985396
1.44E-11,940,1819.813323,1.088833608,1.972449562,9.852985294
6.93E-12,941,1820.901978,1.088476182,1.972411986,9.851985198
1.13E-11,942,1821.990276,1.088119344,1.97237425,9.849984996
4.50E-12,943,1823.078217,1.087763091,1.972336357,9.849984999
7.74E-12,944,1824.165802,1.087407423,1.972298306,9.847984797
1.37E-11,945,1825.253032,1.087052337,1.972260099,9.846984695
6.69E-12,946,1826.339907,1.086697832,1.972221735,9.845984598
7.26E-12,947,1827.426428,1.086343907,1.972183454,9.844984498
1.23E-11,948,1828.512595,1.085990559,1.97214478,9.842984295
5.01E-12,949,1829.598409,1.085637788,1.972105953,9.842984298
8.93E-12,950,1830.683871,1.085285592,1.972066972,9.840984097
4.45E-12,951,1831.768981,1.084933968,1.972027838,9.839983999
8.35E-12,952,1832.853739,1.084582916,1.971988553,9.838983897
4.16E-12,953,1833.938147,1.084232434,1.971949115,9.837983799
6.09E-12,954,1835.022204,1.083882521,1.971909527,9.836983698
1.11E-11,955,1836.105912,1.083533175,1.971869789,9.834983496
5.72E-12,956,1837.189271,1.083184394,1.971829901,9.833983398
1.03E-11,957,1838.272281,1.082836177,1.971789864,9.831983196
1.18E-11,958,1839.354943,1.082488523,1.971749916,9.830983096
6.54E-12,959,1840.437258,1.082141429,1.971709583,9.830983098
1.20E-11,960,1841.519226,1.081794895,1.971669104,9.828982895
5.17E-12,961,1842.600848,1.081448919,1.971628478,9.828982898
9.82E-12,962,1843.682124,1.081103499,1.971587707,9.826982696
5.22E-12,963,1844.763055,1.080758634,1.97154679,9.825982598
9.80E-12,964,1845.843642,1.080414322,1.971505729,9.823982396
4.36E-12,965,1846.923884,1.080070563,1.971464523,9.823982399
1.07E-11,966,1848.003783,1.079727354,1.971423175,9.821982196
4.74E-12,967,1849.083339,1.079384694,1.971381684,9.821982199
9.30E-12,968,1850.162552,1.079042581,1.971340051,9.819981997
5.08E-12,969,1851.241424,1.078701015,1.971298276,9.818981898
9.85E-12,970,1852.319955,1.078359993,1.971256361,9.816981696
1.21E-11,971,1853.398144,1.078019514,1.97121454,9.815981595
5.50E-12,972,1854.475994,1.077679578,1.971172344,9.815981598
1.12E-11,973,1855.553504,1.077340181,1.97113001,9.813981396
7.89E-12,974,1856.630674,1.077001323,1.971087537,9.812981297
1.32E-11,975,1857.707507,1.076663003,1.971044926,9.811981195
7.59E-12,976,1858.784001,1.076325219,1.971002178,9.810981097
4.30E-12,977,1859.860157,1.07598797,1.970959292,9.809980999
8.71E-12,978,1860.935977,1.075651254,1.970916271,9.807980797
4.15E-12,979,1862.01146,1.075315069,1.970873115,9.807980799
8.74E-12,980,1863.086607,1.074979415,1.970829823,9.805980597
5.09E-12,981,1864.161419,1.074644291,1.970786397,9.804980498
1.12E-11,982,1865.235896,1.074309693,1.970742837,9.803980396
6.67E-12,983,1866.310038,1.073975622,1.970699144,9.802980298
1.39E-11,984,1867.383847,1.073642076,1.970655318,9.800980094
8.11E-12,985,1868.457323,1.073309054,1.97061136,9.799979997
1.44E-11,986,1869.530466,1.072976553,1.97056727,9.798979894
6.32E-12,987,1870.603276,1.072644574,1.970523283,9.797979798
1.16E-11,988,1871.675755,1.072313114,1.970478932,9.796979696
7.17E-12,989,1872.747902,1.071982172,1.970434451,9.795979598
4.31E-12,990,1873.819719,1.071651746,1.970389841,9.794979499
9.44E-12,991,1874.891206,1.071321836,1.970345101,9.792979297
6.18E-12,992,1875.962363,1.07099244,1.970300234,9.792979298
1.37E-11,993,1877.033191,1.070663557,1.970255239,9.790979095
8.39E-12,994,1878.10369,1.070335185,1.970210117,9.789978997
4.30E-12,995,1879.173862,1.070007324,1.970164868,9.789978999
9.83E-12,996,1880.243705,1.069679971,1.970119493,9.787978796
6.22E-12,997,1881.313222,1.069353125,1.970073992,9.786978698
1.42E-11,998,1882.382412,1.069026786,1.970028366,9.784978494
8.98E-12,999,1883.451276,1.068700951,1.969982616,9.783978397
5.62E-12,1000,1884.519814,1.06837562,1.969936742,9.782978298
1.42E-11,1001,1885.588027,1.068050791,1.969890744,9.781978194
9.10E-12,1002,1886.655916,1.067726463,1.969844624,9.780978097
5.76E-12,1003,1887.72348,1.067402635,1.969798381,9.779977998
1.14E-11,1004,1888.790721,1.067079305,1.969752016,9.778977896
7.55E-12,1005,1889.857639,1.066756472,1.96970553,9.777977797
4.97E-12,1006,1890.924234,1.066434135,1.969658923,9.776977698
1.19E-11,1007,1891.990507,1.066112292,1.969612195,9.774977495
7.83E-12,1008,1893.056459,1.065790943,1.969565348,9.773977397
4.29E-12,1009,1894.122089,1.065470086,1.969518382,9.773977399
1.06E-11,1010,1895.187399,1.06514972,1.969471296,9.771977196
4.32E-12,1011,1896.252389,1.064829843,1.969424324,9.771977199
1.08E-11,1012,1897.317059,1.064510454,1.969377002,9.769976996
7.42E-12,1013,1898.38141,1.064191553,1.969329564,9.768976897
5.09E-12,1014,1899.445442,1.063873137,1.969282008,9.767976798
1.32E-11,1015,1900.509156,1.063555206,1.969234337,9.766976695
9.23E-12,1016,1901.572553,1.063237758,1.969186549,9.765976597
6.51E-12,1017,1902.635632,1.062920792,1.969138647,9.764976498
4.48E-12,1018,1903.698395,1.062604307,1.969090629,9.763976399
1.14E-11,1019,1904.760841,1.062288302,1.969042497,9.761976196
8.00E-12,1020,1905.822971,1.061972775,1.968994251,9.760976097
5.56E-12,1021,1906.884787,1.061657726,1.968945892,9.759975998
1.21E-11,1022,1907.946287,1.061343152,1.96889742,9.758975895
8.72E-12,1023,1909.007473,1.061029054,1.968848836,9.757975797
6.37E-12,1024,1910.068345,1.060715429,1.968800139,9.756975698
4.55E-12,1025,1911.128904,1.060402277,1.968751331,9.755975599
1.21E-11,1026,1912.18915,1.060089595,1.968702413,9.753975395
8.77E-12,1027,1913.249083,1.059777385,1.968653383,9.752975297
6.91E-12,1028,1914.308705,1.059465642,1.968604244,9.752975298
5.01E-12,1029,1915.368015,1.059154368,1.968554996,9.751975198
1.35E-11,1030,1916.427014,1.05884356,1.968505638,9.749974995
1.00E-11,1031,1917.485702,1.058533218,1.968456171,9.748974896
7.42E-12,1032,1918.54408,1.05822334,1.968406596,9.747974797
5.47E-12,1033,1919.602149,1.057913925,1.968356914,9.746974698
1.26E-11,1034,1920.659908,1.057604972,1.968307125,9.745974595
9.58E-12,1035,1921.717359,1.05729648,1.968257228,9.744974496
7.34E-12,1036,1922.774501,1.056988448,1.968207225,9.743974397
5.61E-12,1037,1923.831336,1.056680874,1.968157117,9.742974298
4.31E-12,1038,1924.887863,1.056373757,1.968106903,9.741974199
1.22E-11,1039,1925.944084,1.056067097,1.968056584,9.739973995
9.46E-12,1040,1926.999998,1.055760892,1.96800616,9.738973897
7.34E-12,1041,1928.055606,1.055455141,1.967955633,9.737973797
5.67E-12,1042,1929.110908,1.055149842,1.967905002,9.736973698
4.40E-12,1043,1930.165906,1.054844996,1.967854267,9.735973599
1.08E-11,1044,1931.220598,1.0545406,1.96780343,9.734973496
8.64E-12,1045,1932.274987,1.054236653,1.967752491,9.733973397
6.92E-12,1046,1933.329072,1.053933155,1.967701449,9.732973298
7.07E-12,1047,1934.382853,1.053630105,1.967650307,9.731973198
5.61E-12,1048,1935.436332,1.0533275,1.967599063,9.730973098
4.48E-12,1049,1936.489508,1.053025341,1.967547719,9.729972999
1.12E-11,1050,1937.542383,1.052723626,1.967496275,9.728972896
9.22E-12,1051,1938.594956,1.052422354,1.96744473,9.727972797
7.59E-12,1052,1939.647228,1.052121523,1.967393087,9.726972697
6.34E-12,1053,1940.699199,1.051821134,1.967341345,9.725972598
5.18E-12,1054,1941.75087,1.051521184,1.967289504,9.724972498
4.31E-12,1055,1942.802242,1.051221673,1.967237565,9.723972399
1.33E-11,1056,1943.853314,1.050922599,1.967185529,9.721972195
1.12E-11,1057,1944.904087,1.050623962,1.967133395,9.720972096
9.41E-12,1058,1945.954562,1.05032576,1.967081165,9.719971997
7.96E-12,1059,1947.004739,1.050027993,1.967028838,9.718971897
6.82E-12,1060,1948.054618,1.049730659,1.966976416,9.717971798
5.79E-12,1061,1949.1042,1.049433757,1.966923898,9.716971698
4.86E-12,1062,1950.153486,1.049137286,1.966871284,9.715971598
4.16E-12,1063,1951.202475,1.048841246,1.966818576,9.714971499
1.12E-11,1064,1952.251168,1.048545635,1.966765774,9.713971396
9.78E-12,1065,1953.299566,1.048250452,1.966712878,9.712971296
8.58E-12,1066,1954.347669,1.047955696,1.966659888,9.711971197
7.57E-12,1067,1955.395478,1.047661366,1.966606806,9.710971097
6.77E-12,1068,1956.442992,1.047367461,1.96655363,9.709970998
6.02E-12,1069,1957.490213,1.047073981,1.966500362,9.708970898
8.74E-12,1070,1958.53714,1.046780923,1.966446777,9.706970697
7.83E-12,1071,1959.583775,1.046488287,1.966393326,9.705970597
7.02E-12,1072,1960.630117,1.046196072,1.966339784,9.704970498
6.40E-12,1073,1961.676167,1.045904277,1.966286151,9.703970398
5.79E-12,1074,1962.721926,1.045612901,1.966232428,9.702970298
5.18E-12,1075,1963.767393,1.045321943,1.966178615,9.701970198
4.73E-12,1076,1964.81257,1.045031401,1.966124713,9.700970099
4.34E-12,1077,1965.857456,1.044741276,1.966070721,9.699969999
3.99E-12,1078,1966.902052,1.044451566,1.96601664,9.698969899
1.38E-11,1079,1967.946359,1.044162269,1.965962471,9.696969694
1.08E-11,1080,1968.990377,1.043873386,1.965908214,9.696969696
1.01E-11,1081,1970.034106,1.043584915,1.96585387,9.695969596
9.51E-12,1082,1971.077547,1.043296854,1.965799438,9.694969496
9.00E-12,1083,1972.1207,1.043009204,1.965744919,9.693969397
8.56E-12,1084,1973.163566,1.042721963,1.965690314,9.692969297
8.17E-12,1085,1974.206144,1.042435129,1.965635622,9.691969197
7.83E-12,1086,1975.248436,1.042148703,1.965580845,9.690969097
7.55E-12,1087,1976.290442,1.041862684,1.965525983,9.689968997
7.29E-12,1088,1977.332161,1.041577069,1.965471035,9.688968897
7.08E-12,1089,1978.373596,1.041291858,1.965416003,9.687968798
6.90E-12,1090,1979.414745,1.041007051,1.965360886,9.686968698
6.75E-12,1091,1980.45561,1.040722646,1.965305685,9.685968598
6.64E-12,1092,1981.496191,1.040438643,1.965250401,9.684968498
6.64E-12,1093,1982.536487,1.04015504,1.965195034,9.683968398
6.59E-12,1094,1983.576501,1.039871836,1.965139584,9.682968298
6.56E-12,1095,1984.616231,1.039589032,1.965084051,9.681968198
1.35E-11,1096,1985.655679,1.039306624,1.965028213,9.679967994
1.36E-11,1097,1986.694845,1.039024614,1.964972517,9.678967894
1.38E-11,1098,1987.733728,1.038742999,1.964916739,9.677967794
1.12E-11,1099,1988.772331,1.038461779,1.96486088,9.676967696
1.14E-11,1100,1989.810652,1.038180953,1.96480494,9.675967596
1.17E-11,1101,1990.848693,1.03790052,1.96474892,9.674967495
1.20E-11,1102,1991.886453,1.037620479,1.96469282,9.673967395
1.24E-11,1103,1992.923934,1.037340829,1.96463664,9.672967295
1.29E-11,1104,1993.961135,1.037061569,1.964580381,9.671967195
1.34E-11,1105,1994.998057,1.036782699,1.964524043,9.670967095
1.40E-11,1106,1996.034701,1.036504218,1.964467627,9.669966994
3.89E-12,1107,1997.071066,1.036226123,1.964411132,9.669966999
4.10E-12,1108,1998.107153,1.035948416,1.964354559,9.668966899
4.34E-12,1109,1999.142963,1.035671094,1.964297908,9.667966799
4.61E-12,1110,2000.178495,1.035394157,1.96424118,9.666966699
4.92E-12,1111,2001.213751,1.035117604,1.964184376,9.665966598
5.28E-12,1112,2002.248731,1.034841434,1.964127494,9.664966498
9.54E-12,1113,2003.283434,1.034565646,1.964070315,9.662966296
1.04E-11,1114,2004.317862,1.03429024,1.964013281,9.661966196
1.13E-11,1115,2005.352015,1.034015214,1.963956172,9.660966096
1.23E-11,1116,2006.385893,1.033740567,1.963898988,9.659965995
1.35E-11,1117,2007.419496,1.0334663,1.963841729,9.658965894
3.92E-12,1118,2008.452825,1.03319241,1.963784395,9.658965899
4.33E-12,1119,2009.485881,1.032918897,1.963726987,9.657965799
4.81E-12,1120,2010.518663,1.03264576,1.963669505,9.656965698
5.46E-12,1121,2011.551173,1.032372998,1.963611949,9.655965598
6.11E-12,1122,2012.583409,1.032100611,1.96355432,9.654965498
6.78E-12,1123,2013.615374,1.031828597,1.963496618,9.653965398
7.65E-12,1124,2014.647067,1.031556955,1.963438843,9.652965297
1.03E-11,1125,2015.678488,1.031285686,1.963380996,9.650965096
1.19E-11,1126,2016.709638,1.031014787,1.963323076,9.649964995
4.97E-12,1127,2017.740518,1.030744259,1.963264864,9.649964998
5.82E-12,1128,2018.771127,1.0304741,1.963206802,9.648964898
6.63E-12,1129,2019.801466,1.030204309,1.963148669,9.647964798
7.69E-12,1130,2020.831536,1.029934886,1.963090465,9.646964697
1.08E-11,1131,2021.861336,1.029665829,1.96303219,9.644964496
1.27E-11,1132,2022.890867,1.029397139,1.962973846,9.643964395
3.95E-12,1133,2023.92013,1.029128813,1.962915431,9.643964399
4.71E-12,1134,2024.949125,1.028860852,1.962856947,9.642964299
4.36E-12,1135,2025.977852,1.028593254,1.962798393,9.641964199
5.16E-12,1136,2027.006312,1.028326019,1.962739771,9.640964098
6.24E-12,1137,2028.034504,1.028059145,1.96268108,9.639963998
7.35E-12,1138,2029.06243,1.027792633,1.96262232,9.638963897
3.90E-12,1139,2030.09009,1.027526481,1.962563273,9.637963799
4.71E-12,1140,2031.117483,1.027260688,1.962504378,9.636963699
5.81E-12,1141,2032.144611,1.026995253,1.962445415,9.635963598
6.97E-12,1142,2033.171474,1.026730176,1.962386386,9.634963498
1.02E-11,1143,2034.198072,1.026465456,1.96232729,9.632963296
1.28E-11,1144,2035.224405,1.026201093,1.962268127,9.631963195
4.15E-12,1145,2036.250474,1.025937084,1.962208898,9.631963199
5.28E-12,1146,2037.276279,1.02567343,1.962149602,9.630963098
6.53E-12,1147,2038.301821,1.02541013,1.962090242,9.629962998
8.21E-12,1148,2039.3271,1.025147183,1.962030815,9.628962897
1.03E-11,1149,2040.352115,1.024884588,1.961971324,9.627962796
5.70E-12,1150,2041.376869,1.024622344,1.961911549,9.626962698
7.18E-12,1151,2042.40136,1.02436045,1.961851928,9.625962597
9.19E-12,1152,2043.42559,1.024098907,1.961792244,9.624962497
1.18E-11,1153,2044.449558,1.023837713,1.961732495,9.623962395
3.92E-12,1154,2045.473265,1.023576866,1.961672683,9.623962399
5.05E-12,1155,2046.496712,1.023316368,1.961612808,9.622962298
6.32E-12,1156,2047.519898,1.023056215,1.961552869,9.620962098
8.13E-12,1157,2048.542825,1.022796409,1.961492867,9.619961997
1.06E-11,1158,2049.565491,1.022536948,1.961432803,9.618961896
1.38E-11,1159,2050.587899,1.022277832,1.961372677,9.617961794
7.92E-12,1160,2051.610047,1.022019058,1.96131227,9.616961697
1.05E-11,1161,2052.631937,1.021760628,1.96125202,9.615961596
1.39E-11,1162,2053.653568,1.02150254,1.961191709,9.614961494
4.76E-12,1163,2054.674942,1.021244793,1.961131337,9.614961498
6.36E-12,1164,2055.696058,1.020987387,1.961070904,9.613961398
1.03E-11,1165,2056.716917,1.020730321,1.96101041,9.611961196
1.42E-11,1166,2057.737519,1.020473594,1.960949856,9.610961094
5.10E-12,1167,2058.757864,1.020217205,1.960889242,9.610961098
6.89E-12,1168,2059.777953,1.019961153,1.960828568,9.609960998
3.99E-12,1169,2060.797787,1.019705439,1.960767617,9.608960899
5.65E-12,1170,2061.817364,1.01945006,1.960706824,9.607960798
7.76E-12,1171,2062.836687,1.019195017,1.960645973,9.606960697
9.84E-12,1172,2063.855754,1.018940309,1.960585063,9.604960496
1.39E-11,1173,2064.874568,1.018685935,1.960524094,9.603960394
5.11E-12,1174,2065.893126,1.018431893,1.960463067,9.603960398
7.09E-12,1175,2066.911431,1.018178185,1.960401983,9.602960298
9.96E-12,1176,2067.929483,1.017924807,1.96034084,9.601960196
1.40E-11,1177,2068.947281,1.017671761,1.96027964,9.600960094
8.60E-12,1178,2069.964827,1.017419045,1.960218166,9.599959997
1.22E-11,1179,2070.982119,1.017166659,1.960156853,9.598959895
4.47E-12,1180,2071.99916,1.016914602,1.960095483,9.598959899
6.41E-12,1181,2073.015949,1.016662872,1.960034056,9.597959798
1.13E-11,1182,2074.032486,1.016411471,1.959972574,9.595959595
1.29E-11,1183,2075.048772,1.016160395,1.959911035,9.594959495
4.76E-12,1184,2076.064807,1.015909646,1.95984944,9.594959498
8.30E-12,1185,2077.080591,1.015659222,1.959787791,9.592959297
4.37E-12,1186,2078.096125,1.015409123,1.959725869,9.592959299
7.67E-12,1187,2079.111409,1.015159347,1.95966411,9.590959097
1.16E-11,1188,2080.126444,1.014909895,1.959602297,9.589958995
4.45E-12,1189,2081.141229,1.014660765,1.959540428,9.589958999
6.70E-12,1190,2082.155766,1.014411957,1.959478506,9.588958898
1.00E-11,1191,2083.170053,1.01416347,1.95941653,9.587958796
3.83E-12,1192,2084.184093,1.013915304,1.9593545,9.587958799
5.82E-12,1193,2085.197884,1.013667457,1.959292417,9.586958698
3.74E-12,1194,2086.211428,1.013419929,1.959230064,9.585958599
5.75E-12,1195,2087.224724,1.013172719,1.959167875,9.584958498
8.37E-12,1196,2088.237773,1.012925827,1.959105634,9.582958297
1.27E-11,1197,2089.250576,1.012679252,1.95904334,9.581958195
5.02E-12,1198,2090.263132,1.012432994,1.958980994,9.581958198
9.23E-12,1199,2091.275442,1.012187051,1.958918596,9.579957997
3.70E-12,1200,2092.287506,1.011941423,1.958856146,9.579957999
