P_out, P_c, E,dE/dP, M, R
9.95E-13,1.5,124.2207269,27.34382842,0.124607211,22.306
9.74E-13,1.6,126.8983474,26.22872022,0.13053786,20.993
9.78E-13,1.7,129.4701736,25.22483298,0.136457762,19.945
9.87E-13,1.8,131.9464606,24.31545042,0.142342048,19.089
9.89E-13,1.9,134.3359628,23.48712349,0.148206447,18.383
9.58E-13,2,136.6462199,22.72889914,0.154028708,17.789
9.30E-13,2.1,138.8837771,22.03175948,0.159810371,17.284
9.46E-13,2.2,141.0543567,21.38820684,0.16554585,16.849
9.17E-13,2.3,143.162994,20.79195209,0.171237074,16.474
9.30E-13,2.4,145.2141456,20.23767733,0.176878943,16.143
9.94E-13,2.5,147.2117771,19.72085276,0.182473529,15.852
9.72E-13,2.6,149.1594344,19.23759391,0.188022713,15.596
9.30E-13,2.7,151.0603025,18.78454908,0.193521752,15.367
8.90E-13,2.8,152.917254,18.35880971,0.198972575,15.161
9.00E-13,2.9,154.7328897,17.9578385,0.204377019,14.977
9.15E-13,3,156.5095728,17.57941109,0.209736733,14.81
9.69E-13,3.1,158.2494578,17.22156862,0.215041036,14.656
9.10E-13,3.2,159.9545148,16.88257868,0.220310033,14.519
9.94E-13,3.3,161.6265505,16.56090301,0.225526941,14.392
9.90E-13,3.4,163.2672266,16.25517064,0.230699374,14.276
9.45E-13,3.5,164.8780751,15.96415544,0.23582875,14.17
9.83E-13,3.6,166.4605115,15.6867572,0.240910613,14.07
8.44E-13,3.7,168.0158473,15.4219856,0.245957797,13.981
9.44E-13,3.8,169.5452996,15.16894665,0.250960012,13.897
8.58E-13,3.9,171.0500006,14.92683105,0.255918571,13.819
9.32E-13,4,172.5310054,14.69490427,0.26084018,13.745
9.69E-13,4.1,173.9892988,14.47249797,0.265714956,13.677
8.24E-13,4.2,175.425802,14.25900258,0.270560296,13.615
8.98E-13,4.3,176.8413777,14.0538609,0.275360945,13.555
9.65E-13,4.4,178.2368355,13.8565625,0.280123319,13.499
8.11E-13,4.5,179.612936,13.66663882,0.284853596,13.449
9.95E-13,4.6,180.9703947,13.48365895,0.289542168,13.398
8.36E-13,4.7,182.309886,13.30722579,0.294200304,13.354
7.93E-13,4.8,183.6320458,13.13697281,0.298818518,13.311
8.74E-13,4.9,184.9374752,12.97256109,0.303402752,13.269
7.86E-13,5,186.2267423,12.81367673,0.307958774,13.232
8.74E-13,6,198.3363686,11.47371889,0.351716989,12.942
8.89E-13,7,209.2827534,10.46251707,0.392612469,12.765
7.24E-13,8,219.3329974,9.667561236,0.431028324,12.65
9.83E-13,9,228.6678347,9.023259821,0.467268891,12.571
9.76E-13,10,237.415909,8.488580687,0.501578819,12.516
7.50E-13,11,245.6724157,8.036432261,0.534162708,12.477
8.51E-13,12,253.5100034,7.648147141,0.565187042,12.448
9.71E-13,13,260.9855205,7.310409095,0.594792944,12.426
7.31E-13,14,268.1443857,7.013442501,0.623109065,12.411
5.65E-13,15,275.0235267,6.749895338,0.650232923,12.398
8.83E-13,16,281.6534211,6.514122958,0.676260662,12.388
7.83E-13,17,288.0595503,6.301713551,0.701273213,12.381
5.30E-13,18,294.2634609,6.10916475,0.725341731,12.376
4.65E-13,19,300.2835546,5.933657748,0.748529199,12.371
7.66E-13,20,306.135687,5.772896104,0.770894471,12.367
6.45E-13,21,311.833628,5.624988468,0.792487629,12.364
8.78E-13,22,317.3894215,5.488361823,0.813353773,12.36
7.96E-13,23,322.8136698,5.361696281,0.833538803,12.358
4.50E-13,24,328.1157605,5.243875432,0.853079448,12.355
3.20E-13,25,333.3040503,5.133948021,0.872011651,12.354
6.58E-13,26,338.3860144,5.031098067,0.890365887,12.351
3.26E-13,27,343.3683698,4.934621291,0.908174868,12.35
3.91E-13,28,348.2571768,4.843906351,0.92546175,12.347
7.70E-13,29,353.0579246,4.75841978,0.942257032,12.344
6.19E-13,30,357.7756026,4.677693782,0.958579959,12.342
6.39E-13,31,362.4147611,4.601316275,0.974455031,12.339
1.23E-12,32,366.9795627,4.528922711,0.989902848,12.338
1.20E-12,33,371.4738262,4.460189311,1.004938277,12.334
1.27E-12,34,375.9010648,4.394827433,1.01958582,12.332
1.14E-12,35,380.2645185,4.332578857,1.033855834,12.329
1.11E-12,36,384.5671828,4.273211817,1.047768333,12.327
7.25E-13,37,388.8118329,4.216517648,1.061333939,12.323
9.29E-13,38,393.001046,4.162307927,1.074570699,12.319
6.46E-13,39,397.1372198,4.110412043,1.087487614,12.316
2.02E-12,40,401.2225896,4.060675104,1.100101052,12.313
8.22E-13,41,405.2592426,4.012956143,1.112418673,12.309
1.46E-12,42,409.2491315,3.967126555,1.124453475,12.306
1.27E-12,43,413.1940862,3.923068755,1.136215842,12.303
1.56E-12,44,417.0958236,3.880675003,1.14771374,12.299
1.65E-12,45,420.9559578,3.839846375,1.158958415,12.295
1.17E-12,46,424.7760077,3.800491867,1.169958725,12.291
1.06E-12,47,428.5574049,3.762527603,1.180721244,12.287
1.20E-12,48,432.3015004,3.725876143,1.191255823,12.283
1.05E-12,49,436.0095708,3.690465862,1.201568273,12.279
2.44E-12,50,439.6828237,3.656230408,1.211667654,12.274
9.64E-13,51,443.3224027,3.623108218,1.221560861,12.269
2.41E-12,52,446.9293921,3.591042083,1.231250999,12.266
9.96E-13,53,450.5048211,3.55997877,1.240747877,12.261
3.29E-12,54,454.0496673,3.529868668,1.250057494,12.256
2.61E-12,55,457.5648607,3.500665488,1.259183893,12.252
3.14E-12,56,461.0512862,3.472325979,1.268132592,12.247
2.06E-12,57,464.509787,3.444809681,1.276910542,12.243
2.56E-12,58,467.9411673,3.4180787,1.285521133,12.238
1.92E-12,59,471.3461943,3.392097503,1.293969202,12.234
2.35E-12,60,474.7256011,3.366832737,1.302261032,12.229
2.00E-12,61,478.0800881,3.342253055,1.310399441,12.224
2.27E-12,62,481.4103257,3.318328971,1.318388732,12.219
2.05E-12,63,484.7169553,3.29503272,1.326234594,12.214
1.98E-12,64,488.0005917,3.272338131,1.33393782,12.209
1.94E-12,65,491.2618239,3.250220512,1.341505362,12.204
2.22E-12,66,494.5012172,3.228656545,1.348939311,12.199
2.53E-12,67,497.7193142,3.207624195,1.356244729,12.194
1.66E-12,68,500.9166359,3.187102612,1.363421925,12.189
1.88E-12,69,504.0936831,3.16707206,1.370477234,12.184
1.88E-12,70,507.2509374,3.147513839,1.377412275,12.179
4.84E-12,71,510.3888623,3.128410213,1.38423158,12.174
5.02E-12,72,513.5079038,3.109744355,1.390935095,12.168
4.57E-12,73,516.6084916,3.091500281,1.397527152,12.163
2.13E-12,74,519.6910399,3.073662803,1.404011944,12.158
4.92E-12,75,522.7559479,3.056217476,1.410390631,12.152
4.95E-12,76,525.8036009,3.039150551,1.416665769,12.147
4.57E-12,77,528.8343708,3.022448938,1.422839821,12.142
1.82E-12,78,531.8486164,3.00610016,1.428916594,12.138
4.31E-12,79,534.8466847,2.990092321,1.434895544,12.132
5.25E-12,80,537.8289109,2.974414072,1.440781736,12.126
4.22E-12,81,540.7956191,2.959054578,1.446574515,12.121
5.74E-12,82,543.7471229,2.944003486,1.452278772,12.115
5.06E-12,83,546.6837256,2.929250905,1.457895132,12.11
5.39E-12,84,549.605721,2.914787375,1.463425554,12.105
4.24E-12,85,552.5133937,2.900603841,1.468873304,12.1
6.02E-12,86,555.4070191,2.88669164,1.474237497,12.094
5.42E-12,87,558.2868646,2.87304247,1.479521291,12.089
4.68E-12,88,561.1531891,2.859648377,1.484727756,12.084
5.89E-12,89,564.0062439,2.846501735,1.489855897,12.078
4.39E-12,90,566.8462726,2.833595228,1.49491001,12.073
5.11E-12,91,569.673512,2.820921835,1.49989035,12.068
5.50E-12,92,572.4881917,2.808474816,1.504798457,12.062
5.14E-12,93,575.2905349,2.796247696,1.509634523,12.056
5.41E-12,94,578.0807584,2.784234252,1.514403907,12.052
4.61E-12,95,580.8590727,2.772428504,1.519104117,12.046
3.78E-12,96,583.6256827,2.760824696,1.523737828,12.041
5.34E-12,97,586.3807875,2.749417294,1.528306378,12.035
3.37E-12,98,589.124581,2.738200969,1.532811068,12.031
4.50E-12,99,591.8572514,2.727170589,1.53725441,12.025
5.27E-12,100,594.5789825,2.716321211,1.541635118,12.019
3.41E-12,101,597.2899526,2.705648071,1.545956898,12.015
3.57E-12,102,599.9903358,2.695146576,1.550218414,12.009
3.93E-12,103,602.6803015,2.684812298,1.554423287,12.004
3.69E-12,104,605.3600147,2.674640963,1.558570146,11.998
3.65E-12,105,608.0296364,2.664628448,1.562662535,11.993
3.44E-12,106,610.6893232,2.654770771,1.566700258,11.988
3.08E-12,107,613.3392282,2.645064088,1.570684339,11.983
4.16E-12,108,615.9795005,2.635504683,1.574614568,11.977
3.43E-12,109,618.6102855,2.626088969,1.578494333,11.972
9.31E-12,110,621.2317252,2.616813474,1.582323367,11.966
4.11E-12,111,623.8439581,2.607674844,1.586102592,11.961
1.01E-11,112,626.4471194,2.598669832,1.589832908,11.955
4.24E-12,113,629.0413412,2.589795299,1.593515192,11.95
3.22E-12,114,631.6267525,2.581048206,1.597151473,11.946
4.31E-12,115,634.2034791,2.572425609,1.600740236,11.94
9.66E-12,116,636.7716442,2.563924659,1.604283473,11.934
1.04E-11,117,639.3313681,2.555542595,1.60778198,11.929
4.48E-12,118,641.8827682,2.547276744,1.611236537,11.924
9.08E-12,119,644.4259594,2.539124512,1.614649047,11.919
3.43E-12,120,646.9610542,2.531083386,1.618017953,11.914
1.15E-11,121,649.4881624,2.52315093,1.621345129,11.908
9.10E-12,122,652.0073915,2.515324778,1.62463242,11.903
8.96E-12,123,654.5188467,2.507602639,1.627878241,11.898
1.03E-11,124,657.0226307,2.499982285,1.631085533,11.893
1.08E-11,125,659.5188444,2.492461556,1.634252701,11.887
1.22E-11,126,662.0075864,2.485038355,1.637382636,11.882
4.00E-12,127,664.488953,2.477710643,1.640473734,11.878
9.58E-12,128,666.9630388,2.470476442,1.643528838,11.872
8.91E-12,129,669.4299364,2.46333383,1.646546332,11.867
9.73E-12,130,671.8897364,2.456280936,1.649529018,11.862
9.81E-12,131,674.3425276,2.449315945,1.652475271,11.856
1.06E-11,132,676.788397,2.442437091,1.655387851,11.851
1.14E-11,133,679.2274299,2.435642656,1.65826621,11.846
1.17E-11,134,681.6597099,2.428930969,1.661109809,11.841
1.25E-11,135,684.0853189,2.422300405,1.663921344,11.836
8.78E-12,136,686.5043372,2.415749383,1.666700248,11.831
9.36E-12,137,688.9168436,2.409276363,1.669447029,11.826
9.51E-12,138,691.3229154,2.402879847,1.672161118,11.821
1.01E-11,139,693.7226283,2.396558376,1.674845137,11.816
1.08E-11,140,696.1160567,2.390310529,1.677498494,11.811
1.15E-11,141,698.5032735,2.384134921,1.680121654,11.806
1.23E-11,142,700.8843502,2.378030205,1.682715077,11.801
1.22E-11,143,703.2593571,2.371995067,1.685278162,11.795
8.72E-12,144,705.6283631,2.366028226,1.687813449,11.791
9.39E-12,145,707.9914359,2.360128434,1.690320314,11.786
1.01E-11,146,710.3486419,2.354294475,1.692799181,11.781
1.10E-11,147,712.7000464,2.348525161,1.695250463,11.776
1.20E-11,148,715.0457134,2.342819336,1.697674565,11.771
1.31E-11,149,717.3857058,2.337175871,1.700071884,11.766
1.44E-11,150,719.7200855,2.331593663,1.702442811,11.761
9.78E-12,151,722.0489132,2.32607164,1.704786709,11.756
1.09E-11,152,724.3722485,2.320608752,1.707105992,11.751
1.22E-11,153,726.6901501,2.315203975,1.709400008,11.746
1.38E-11,154,729.0026755,2.30985631,1.711669116,11.741
9.10E-12,155,731.3098814,2.304564781,1.71391367,11.737
1.15E-11,156,733.6118235,2.299328436,1.716134017,11.731
1.38E-11,157,735.9085564,2.294146343,1.718330498,11.727
1.02E-11,158,738.2001339,2.289017594,1.720503446,11.722
1.20E-11,159,740.4866091,2.2839413,1.722653189,11.717
1.44E-11,160,742.7680337,2.278916594,1.724780052,11.712
9.84E-12,161,745.0444592,2.273942626,1.726884347,11.708
1.20E-11,162,747.3159356,2.269018568,1.728966385,11.703
9.28E-12,163,749.5825127,2.26414361,1.731026472,11.698
1.15E-11,164,751.844239,2.259316959,1.733064906,11.693
1.45E-11,165,754.1011624,2.25453784,1.735081981,11.688
1.19E-11,166,756.3533302,2.249805496,1.737077986,11.684
8.63E-12,167,758.6007888,2.245119185,1.739053202,11.68
1.31E-11,168,760.8435837,2.240478182,1.741008875,11.674
1.11E-11,169,763.08176,2.235881778,1.742943345,11.67
8.30E-12,170,765.3153619,2.231329278,1.744857846,11.666
1.12E-11,171,767.544433,2.226820004,1.746752641,11.661
9.56E-12,172,769.7690161,2.22235329,1.748627993,11.656
1.34E-11,173,771.9891535,2.217928486,1.750484155,11.651
1.05E-11,174,774.2048868,2.213544954,1.752321378,11.647
9.26E-12,175,776.416257,2.209202072,1.754139906,11.642
1.34E-11,176,778.6233043,2.204899227,1.755939982,11.637
1.22E-11,177,780.8260686,2.200635821,1.757721844,11.632
1.01E-11,178,783.0245889,2.19641127,1.759485725,11.628
8.48E-12,179,785.2189039,2.192224997,1.761231854,11.624
8.04E-12,180,787.4090515,2.188076442,1.762960458,11.619
8.36E-12,181,789.5950691,2.183965054,1.76467269,11.615
1.33E-11,182,791.7769938,2.179890291,1.766366902,11.61
1.32E-11,183,793.9548617,2.175851626,1.768044244,11.605
1.19E-11,184,796.1287089,2.171848539,1.769704927,11.601
1.21E-11,185,798.2985705,2.167880522,1.771349158,11.596
1.13E-11,186,800.4644815,2.163947077,1.772977142,11.592
1.19E-11,187,802.626476,2.160047714,1.774589078,11.587
1.26E-11,188,804.7845881,2.156181956,1.776185165,11.582
1.24E-11,189,806.938851,2.152349331,1.777765599,11.578
8.03E-12,190,809.0892976,2.148549379,1.779331479,11.575
9.03E-12,191,811.2359605,2.144781648,1.780881173,11.57
1.03E-11,192,813.3788715,2.141045694,1.782415777,11.565
1.07E-11,193,815.5180623,2.137341082,1.783935476,11.561
1.26E-11,194,817.653564,2.133667386,1.785440446,11.556
1.36E-11,195,819.7854073,2.130024186,1.786930864,11.552
8.94E-12,196,821.9136224,2.126411072,1.788406905,11.548
1.11E-11,197,824.0382393,2.12282764,1.78986874,11.543
1.21E-11,198,826.1592874,2.119273493,1.791316537,11.538
9.09E-12,199,828.2767959,2.115748244,1.792751352,11.535
1.19E-11,200,830.3907934,2.11225151,1.794171568,11.53
8.49E-12,201,832.5013083,2.108782916,1.795578236,11.526
1.03E-11,202,834.6083685,2.105342096,1.796971515,11.522
1.43E-11,203,836.7120016,2.101928687,1.798351557,11.517
1.07E-11,204,838.8122349,2.098542335,1.799718523,11.513
1.33E-11,205,840.9090952,2.09518269,1.801072561,11.508
1.03E-11,206,843.0026091,2.091849412,1.802413818,11.504
8.15E-12,207,845.0928027,2.088542162,1.803742443,11.5
1.34E-11,208,847.179702,2.085260612,1.805059448,11.496
1.10E-11,209,849.2633324,2.082004436,1.806363237,11.492
8.80E-12,210,851.3437192,2.078773315,1.807654819,11.487
1.27E-11,211,853.4208873,2.075566936,1.808934334,11.483
1.10E-11,212,855.4948612,2.07238499,1.810201917,11.479
9.62E-12,213,857.5656653,2.069227176,1.811457703,11.475
8.61E-12,214,859.6333235,2.066093194,1.812701824,11.471
7.59E-12,215,861.6978595,2.062982753,1.813934409,11.466
1.35E-11,216,863.7592968,2.059895566,1.815155589,11.461
1.27E-11,217,865.8176583,2.056831348,1.816365489,11.457
1.23E-11,218,867.872967,2.053789823,1.817564233,11.453
1.27E-11,219,869.9252454,2.050770716,1.818752792,11.449
1.27E-11,220,871.9745158,2.047773759,1.819929591,11.445
1.30E-11,221,874.0208002,2.044798687,1.821095598,11.441
1.16E-11,222,876.0641204,2.04184524,1.82225093,11.437
1.23E-11,223,878.1044979,2.038913163,1.823395705,11.433
1.33E-11,224,880.1419538,2.036002203,1.824530037,11.429
7.50E-12,225,882.1765092,2.033112114,1.825654037,11.426
8.17E-12,226,884.2081849,2.030242651,1.826767818,11.421
9.35E-12,227,886.2370013,2.027393574,1.827871489,11.417
1.09E-11,228,888.2629788,2.024564648,1.828965159,11.413
1.30E-11,229,890.2861372,2.021755641,1.830048933,11.409
7.79E-12,230,892.3064966,2.018966325,1.831122917,11.405
9.65E-12,231,894.3240764,2.016196474,1.832187216,11.401
1.22E-11,232,896.338896,2.013445867,1.833241931,11.397
7.73E-12,233,898.3509745,2.010714286,1.834287163,11.393
1.02E-11,234,900.3603308,2.008001518,1.835323012,11.389
1.32E-11,235,902.3669837,2.005307351,1.836349575,11.384
1.13E-11,236,904.3709516,2.002631576,1.837367769,11.381
7.70E-12,237,906.3722529,1.99997399,1.83837605,11.377
1.10E-11,238,908.3709056,1.997334392,1.839375334,11.373
8.08E-12,239,910.3669276,1.994712581,1.840365712,11.37
1.17E-11,240,912.3603366,1.992108364,1.841347277,11.365
8.85E-12,241,914.3511502,1.989521548,1.84232012,11.362
1.33E-11,242,916.3393855,1.986951943,1.843284328,11.357
1.19E-11,243,918.3250597,1.984399362,1.844239992,11.353
9.29E-12,244,920.3081898,1.981863622,1.845187198,11.349
7.68E-12,245,922.2887925,1.979344541,1.846126032,11.346
1.29E-11,246,924.2668844,1.976841942,1.847056578,11.342
1.07E-11,247,926.2424818,1.974355647,1.84797892,11.338
1.06E-11,248,928.2156011,1.971885484,1.848893142,11.334
9.12E-12,249,930.1862581,1.969431283,1.849799323,11.33
8.32E-12,250,932.1544689,1.966992874,1.850697546,11.327
7.44E-12,251,934.1202491,1.964570092,1.851587888,11.323
7.95E-12,252,936.0836142,1.962162774,1.85247043,11.319
7.39E-12,253,938.0445797,1.959770759,1.853345247,11.315
7.31E-12,254,940.0031608,1.957393888,1.854212418,11.312
1.43E-11,255,941.9593725,1.955032004,1.855072016,11.307
1.35E-11,256,943.9132297,1.952684953,1.855923332,11.303
1.36E-11,257,945.8647473,1.950352584,1.85676801,11.299
8.11E-12,258,947.8139398,1.948034746,1.857605338,11.296
8.54E-12,259,949.7608216,1.945731292,1.858435386,11.292
9.47E-12,260,951.7054071,1.943442075,1.859258226,11.289
1.17E-11,261,953.6477104,1.941166953,1.860073927,11.284
1.36E-11,262,955.5877456,1.938905783,1.860882559,11.281
7.56E-12,263,957.5255266,1.936658426,1.861684189,11.278
9.93E-12,264,959.4610671,1.934424744,1.862478885,11.273
1.23E-11,265,961.3943806,1.932204601,1.863266714,11.27
7.22E-12,266,963.3254807,1.929997863,1.864047741,11.267
1.01E-11,267,965.2543808,1.927804398,1.864822031,11.262
1.32E-11,268,967.1810939,1.925624076,1.865589649,11.259
9.40E-12,269,969.1056332,1.923456768,1.866350658,11.255
1.24E-11,270,971.0280117,1.921302346,1.86710512,11.251
7.60E-12,271,972.9482422,1.919160686,1.867852334,11.248
1.22E-11,272,974.8663373,1.917031665,1.86859389,11.244
8.27E-12,273,976.7823097,1.91491516,1.869329083,11.241
1.17E-11,274,978.6961718,1.912811051,1.870057971,11.237
9.37E-12,275,980.6079359,1.91071922,1.870780616,11.233
7.88E-12,276,982.5176143,1.908639549,1.871497074,11.23
1.20E-11,277,984.425219,1.906571924,1.872207403,11.226
8.91E-12,278,986.3307621,1.904516229,1.872911661,11.223
7.95E-12,279,988.2342554,1.902472352,1.873609903,11.22
1.17E-11,280,990.1357107,1.900440183,1.874301431,11.215
9.18E-12,281,992.0351396,1.898419611,1.874987809,11.212
8.69E-12,282,993.9325537,1.896410529,1.875668336,11.209
8.13E-12,283,995.8279645,1.89441283,1.876343065,11.205
1.42E-11,284,997.7213832,1.892426407,1.877012049,11.201
1.38E-11,285,999.612821,1.890451158,1.877675341,11.197
1.41E-11,286,1001.502289,1.888486979,1.878332994,11.194
1.14E-11,287,1003.389799,1.886533769,1.878984313,11.19
1.03E-11,288,1005.27536,1.884591427,1.879630838,11.187
1.08E-11,289,1007.158985,1.882659856,1.880271875,11.183
1.20E-11,290,1009.040684,1.880738956,1.880907473,11.18
1.15E-11,291,1010.920467,1.878828631,1.88153768,11.177
1.28E-11,292,1012.798344,1.876928787,1.882162545,11.173
1.21E-11,293,1014.674328,1.87503933,1.882781381,11.17
1.40E-11,294,1016.548426,1.873160165,1.883395706,11.166
1.45E-11,295,1018.420651,1.871291202,1.884004831,11.163
8.18E-12,296,1020.291012,1.86943235,1.884608802,11.16
1.00E-11,297,1022.159519,1.86758352,1.885207663,11.156
1.05E-11,298,1024.026183,1.865744622,1.885800732,11.153
1.34E-11,299,1025.891012,1.86391557,1.886389514,11.149
8.12E-12,300,1027.754017,1.862096278,1.88697332,11.146
9.49E-12,301,1029.615208,1.860286659,1.887552195,11.143
1.03E-11,302,1031.474593,1.85848663,1.888125457,11.139
1.43E-11,303,1033.332184,1.856696108,1.888694601,11.135
9.39E-12,304,1035.187989,1.854915011,1.889258942,11.132
1.18E-11,305,1037.042017,1.853143256,1.889818521,11.129
8.07E-12,306,1038.894278,1.851380765,1.89037338,11.126
1.15E-11,307,1040.744782,1.849627457,1.890922841,11.122
8.09E-12,308,1042.593536,1.847883255,1.891468384,11.119
1.26E-11,309,1044.440551,1.84614808,1.892009328,11.115
8.11E-12,310,1046.285836,1.844421857,1.892545712,11.113
1.20E-11,311,1048.129398,1.842704509,1.893076861,11.108
8.04E-12,312,1049.971247,1.840995962,1.893604246,11.106
1.37E-11,313,1051.811393,1.839296142,1.894127186,11.102
1.02E-11,314,1053.649843,1.837604976,1.89464501,11.099
8.25E-12,315,1055.486606,1.835922392,1.895159179,11.096
6.82E-12,316,1057.32169,1.834248319,1.895669017,11.093
1.24E-11,317,1059.155105,1.832582685,1.896174561,11.089
8.44E-12,318,1060.986858,1.830925421,1.896675138,11.086
7.36E-12,319,1062.816959,1.829276459,1.897172203,11.083
1.44E-11,320,1064.645414,1.82763573,1.897665081,11.079
1.03E-11,321,1066.472233,1.826003166,1.898153103,11.076
9.50E-12,322,1068.297423,1.824378702,1.898637714,11.073
8.93E-12,323,1070.120993,1.82276227,1.899118242,11.07
6.74E-12,324,1071.94295,1.821153807,1.89959402,11.067
6.58E-12,325,1073.763303,1.819553247,1.900066487,11.064
1.44E-11,326,1075.582059,1.817960528,1.900534973,11.06
1.34E-11,327,1077.399227,1.816375585,1.90099881,11.056
1.39E-11,328,1079.214813,1.814798358,1.901459433,11.053
6.57E-12,329,1081.028826,1.813228783,1.901916172,11.051
1.23E-11,330,1082.841273,1.811666801,1.902368363,11.047
1.35E-11,331,1084.652162,1.810112351,1.902817432,11.044
7.73E-12,332,1086.4615,1.808565373,1.903262711,11.041
6.98E-12,333,1088.269295,1.807025809,1.903703541,11.038
8.09E-12,334,1090.075555,1.8054936,1.904141338,11.035
9.52E-12,335,1091.880285,1.803968688,1.904575438,11.032
1.04E-11,336,1093.683494,1.802451018,1.905005181,11.028
1.28E-11,337,1095.48519,1.800940531,1.90543198,11.025
7.11E-12,338,1097.285378,1.799437173,1.90585517,11.023
8.19E-12,339,1099.084066,1.797940888,1.906274096,11.019
8.90E-12,340,1100.881262,1.796451622,1.90669016,11.016
1.10E-11,341,1102.676972,1.79496932,1.907102018,11.013
1.43E-11,342,1104.471203,1.793493929,1.90751107,11.009
8.72E-12,343,1106.263962,1.792025397,1.907916658,11.007
1.11E-11,344,1108.055256,1.79056367,1.908318127,11.003
6.99E-12,345,1109.845092,1.789108698,1.90871687,11.001
9.21E-12,346,1111.633476,1.787660428,1.90911155,10.997
1.36E-11,347,1113.420415,1.786218811,1.909503556,10.994
9.04E-12,348,1115.205915,1.784783795,1.909892234,10.992
1.27E-11,349,1116.989984,1.783355332,1.910276932,10.988
8.41E-12,350,1118.772628,1.781933373,1.910659032,10.985
1.21E-11,351,1120.553853,1.780517868,1.911037206,10.981
8.69E-12,352,1122.333666,1.779108769,1.911412833,10.979
1.30E-11,353,1124.112073,1.77770603,1.911784586,10.975
9.67E-12,354,1125.88908,1.776309602,1.912153841,10.973
6.58E-12,355,1127.664694,1.774919439,1.912519273,10.97
1.16E-11,356,1129.438921,1.773535496,1.912882254,10.967
8.69E-12,357,1131.211767,1.772157725,1.913242134,10.964
1.43E-11,358,1132.983239,1.770786083,1.913598269,10.96
1.16E-11,359,1134.753341,1.769420524,1.913952023,10.958
8.66E-12,360,1136.522082,1.768061004,1.914302079,10.955
7.23E-12,361,1138.289465,1.766707478,1.9146498,10.953
1.28E-11,362,1140.055499,1.765359905,1.914993872,10.949
1.08E-11,363,1141.820187,1.76401824,1.915335652,10.946
8.64E-12,364,1143.583537,1.762682441,1.915673832,10.943
8.91E-12,365,1145.345554,1.761352466,1.916009764,10.94
6.40E-12,366,1147.106244,1.760028274,1.916342142,10.938
1.33E-11,367,1148.865613,1.758709822,1.916672315,10.934
1.15E-11,368,1150.623665,1.75739707,1.916998979,10.931
1.27E-11,369,1152.380409,1.756089978,1.91732348,10.928
1.14E-11,370,1154.135847,1.754788504,1.917644518,10.925
1.10E-11,371,1155.889987,1.753492611,1.917963433,10.922
1.01E-11,372,1157.642834,1.752202258,1.91827893,10.919
1.04E-11,373,1159.394394,1.750917406,1.918592345,10.917
9.97E-12,374,1161.144671,1.749638017,1.918902383,10.914
1.03E-11,375,1162.893672,1.748364053,1.91921038,10.911
1.02E-11,376,1164.641401,1.747095475,1.919515043,10.908
1.30E-11,377,1166.387864,1.745832247,1.919817703,10.905
1.34E-11,378,1168.133067,1.744574331,1.920117072,10.902
1.39E-11,379,1169.877015,1.74332169,1.920413823,10.899
6.71E-12,380,1171.619712,1.742074289,1.920708627,10.897
7.22E-12,381,1173.361165,1.74083209,1.921000202,10.894
8.45E-12,382,1175.101378,1.739595059,1.921289867,10.891
9.41E-12,383,1176.840357,1.73836316,1.921576341,10.888
1.36E-11,384,1178.578106,1.737136358,1.921860943,10.885
6.74E-12,385,1180.314631,1.735914618,1.922142394,10.883
8.38E-12,386,1182.049937,1.734697907,1.922422006,10.88
1.00E-11,387,1183.784029,1.733486189,1.922698507,10.877
1.41E-11,388,1185.516911,1.732279431,1.92297256,10.873
7.93E-12,389,1187.248589,1.7310776,1.923244828,10.871
1.00E-11,390,1188.979068,1.729880663,1.92351404,10.868
1.36E-11,391,1190.708352,1.728688586,1.923781501,10.865
7.51E-12,392,1192.436447,1.727501338,1.924045943,10.863
1.14E-11,393,1194.163356,1.726318886,1.924308026,10.859
7.02E-12,394,1195.889086,1.725141198,1.924568408,10.857
9.66E-12,395,1197.61364,1.723968243,1.924825825,10.854
7.27E-12,396,1199.337024,1.722799989,1.925081573,10.852
9.89E-12,397,1201.059242,1.721636406,1.925334391,10.848
1.43E-11,398,1202.780299,1.720477463,1.925584935,10.845
1.13E-11,399,1204.500198,1.719323128,1.92583386,10.843
1.41E-11,400,1206.218946,1.718173373,1.926079905,10.84
1.04E-11,401,1207.936547,1.717028166,1.926323725,10.837
7.26E-12,402,1209.653004,1.715887479,1.926565971,10.835
1.14E-11,403,1211.368323,1.714751282,1.926805389,10.832
9.40E-12,404,1213.082508,1.713619546,1.927043263,10.829
6.43E-12,405,1214.795564,1.712492243,1.927278343,10.827
1.06E-11,406,1216.507494,1.711369342,1.927511276,10.824
9.21E-12,407,1218.218304,1.710250817,1.92774271,10.821
6.62E-12,408,1219.927997,1.709136639,1.927971396,10.819
1.15E-11,409,1221.636579,1.708026781,1.928197983,10.816
1.05E-11,410,1223.344052,1.706921214,1.928423113,10.813
7.94E-12,411,1225.050422,1.705819911,1.928645543,10.811
1.39E-11,412,1226.755693,1.704722846,1.928865916,10.807
1.39E-11,413,1228.45987,1.703629991,1.929084877,10.805
1.05E-11,414,1230.162955,1.70254132,1.929301183,10.802
8.44E-12,415,1231.864954,1.701456806,1.929515477,10.8
8.42E-12,416,1233.56587,1.700376424,1.929728397,10.797
7.00E-12,417,1235.265708,1.699300147,1.929938709,10.795
1.37E-11,418,1236.964472,1.698227949,1.93014705,10.791
1.15E-11,419,1238.662165,1.697159806,1.930353435,10.789
1.25E-11,420,1240.358792,1.696095691,1.9305585,10.786
1.09E-11,421,1242.054358,1.69503558,1.930761014,10.784
1.14E-11,422,1243.748865,1.693979448,1.930961612,10.781
1.10E-11,423,1245.442318,1.692927271,1.931160928,10.779
9.81E-12,424,1247.134721,1.691879023,1.931357735,10.776
1.07E-11,425,1248.826077,1.690834682,1.931552667,10.773
1.02E-11,426,1250.516391,1.689794222,1.931745736,10.771
1.22E-11,427,1252.205667,1.68875762,1.931937574,10.768
1.16E-11,428,1253.893908,1.687724852,1.932126956,10.765
1.15E-11,429,1255.581118,1.686695895,1.932314515,10.763
5.94E-12,430,1257.267301,1.685670726,1.932500878,10.761
7.12E-12,431,1258.952461,1.684649322,1.932684827,10.758
7.18E-12,432,1260.636601,1.68363166,1.932866988,10.755
7.64E-12,433,1262.319725,1.682617718,1.933047376,10.753
1.02E-11,434,1264.001838,1.681607472,1.933226615,10.75
1.30E-11,435,1265.682941,1.680600901,1.933403492,10.747
1.39E-11,436,1267.363041,1.679597983,1.93357863,10.744
6.48E-12,437,1269.042139,1.678598696,1.933752042,10.743
7.13E-12,438,1270.720239,1.677603018,1.93392374,10.74
1.04E-11,439,1272.397346,1.676610927,1.934094347,10.737
1.42E-11,440,1274.073462,1.675622403,1.934262653,10.734
6.74E-12,441,1275.748592,1.674637424,1.934429278,10.732
8.23E-12,442,1277.422738,1.673655969,1.934594237,10.73
1.27E-11,443,1279.095905,1.672678018,1.934758146,10.727
6.26E-12,444,1280.768095,1.671703549,1.934919802,10.725
9.35E-12,445,1282.439313,1.670732542,1.935079825,10.722
1.17E-11,446,1284.109562,1.669764978,1.935238224,10.719
7.28E-12,447,1285.778844,1.668800835,1.93539501,10.717
1.20E-11,448,1287.447165,1.667840095,1.935550801,10.714
6.44E-12,449,1289.114526,1.666882736,1.935704397,10.712
1.03E-11,450,1290.780931,1.66592874,1.935856413,10.709
1.40E-11,451,1292.446384,1.664978087,1.93600686,10.706
8.03E-12,452,1294.110888,1.664030757,1.93615575,10.705
1.45E-11,453,1295.774447,1.663086732,1.936303693,10.702
9.53E-12,454,1297.437063,1.662145992,1.936449495,10.699
1.44E-11,455,1299.09874,1.661208519,1.936593771,10.697
9.74E-12,456,1300.759481,1.660274293,1.936736529,10.694
6.07E-12,457,1302.41929,1.659343296,1.936877781,10.693
1.06E-11,458,1304.078169,1.658415511,1.937017535,10.689
7.19E-12,459,1305.736122,1.657490918,1.9371564,10.688
1.31E-11,460,1307.393152,1.656569499,1.93729319,10.684
9.93E-12,461,1309.049262,1.655651236,1.937428513,10.682
6.39E-12,462,1310.704455,1.654736112,1.937562378,10.68
1.26E-11,463,1312.358735,1.653824109,1.937694795,10.677
8.24E-12,464,1314.012104,1.652915209,1.937825774,10.675
1.37E-11,465,1315.664566,1.652009395,1.937955324,10.672
1.21E-11,466,1317.316124,1.651106649,1.938084048,10.67
1.01E-11,467,1318.966781,1.650206955,1.938210768,10.668
8.10E-12,468,1320.616539,1.649310294,1.938336087,10.665
5.79E-12,469,1322.265402,1.648416651,1.938460015,10.663
1.26E-11,470,1323.913373,1.647526009,1.93858256,10.66
9.16E-12,471,1325.560455,1.646638351,1.938703732,10.658
7.87E-12,472,1327.206651,1.64575366,1.938823539,10.655
7.09E-12,473,1328.851964,1.644871919,1.93894199,10.653
6.97E-12,474,1330.496396,1.643993114,1.939059685,10.651
1.37E-11,475,1332.139951,1.643117227,1.939175452,10.648
1.06E-11,476,1333.782631,1.642244243,1.939289889,10.646
1.02E-11,477,1335.42444,1.641374146,1.939403007,10.644
9.55E-12,478,1337.065381,1.640506919,1.939514812,10.641
7.79E-12,479,1338.705455,1.639642548,1.939625313,10.639
7.82E-12,480,1340.344667,1.638781017,1.939734521,10.637
7.61E-12,481,1341.983018,1.637922309,1.939842441,10.634
6.48E-12,482,1343.620512,1.637066411,1.939949082,10.632
6.45E-12,483,1345.257152,1.636213307,1.940054454,10.629
6.83E-12,484,1346.89294,1.635362981,1.940158565,10.627
7.88E-12,485,1348.527879,1.634515419,1.940262005,10.625
7.11E-12,486,1350.161971,1.633670606,1.940363615,10.623
7.53E-12,487,1351.795221,1.632828527,1.940463988,10.62
6.99E-12,488,1353.427629,1.631989168,1.940563131,10.618
7.90E-12,489,1355.0592,1.631152513,1.940661053,10.616
8.75E-12,490,1356.689935,1.63031855,1.940757761,10.613
8.40E-12,491,1358.319838,1.629487262,1.940853262,10.611
9.63E-12,492,1359.948911,1.628658637,1.940947565,10.608
1.16E-11,493,1361.577156,1.62783266,1.941040678,10.606
1.34E-11,494,1363.204577,1.627009316,1.941132607,10.603
1.38E-11,495,1364.831176,1.626188593,1.94122336,10.601
6.45E-12,496,1366.456955,1.625370476,1.941312945,10.599
8.23E-12,497,1368.081918,1.624554952,1.94140137,10.597
8.66E-12,498,1369.706066,1.623742007,1.941488641,10.595
1.09E-11,499,1371.329402,1.622931627,1.941574766,10.592
1.38E-11,500,1372.95193,1.622123799,1.941659752,10.589
5.96E-12,501,1374.573651,1.62131851,1.941743607,10.588
8.09E-12,502,1376.194568,1.620515747,1.941826337,10.586
1.08E-11,503,1377.814683,1.619715497,1.94190795,10.583
1.44E-11,504,1379.434,1.618917746,1.941988453,10.58
6.53E-12,505,1381.05252,1.618122481,1.942067852,10.579
9.03E-12,506,1382.670245,1.617329691,1.942146155,10.576
1.26E-11,507,1384.28718,1.616539361,1.942223369,10.573
7.23E-12,508,1385.903325,1.61575148,1.9422995,10.572
8.83E-12,509,1387.518683,1.614966035,1.942374555,10.57
1.30E-11,510,1389.133258,1.614183013,1.942448542,10.567
7.40E-12,511,1390.74705,1.613402402,1.942521465,10.565
1.10E-11,512,1392.360063,1.612624189,1.942593333,10.562
1.45E-11,513,1393.972299,1.611848364,1.942664152,10.56
1.04E-11,514,1395.583761,1.611074912,1.942733929,10.558
1.40E-11,515,1397.19445,1.610303824,1.94280267,10.556
8.50E-12,516,1398.804369,1.609535085,1.942870381,10.554
1.36E-11,517,1400.413521,1.608768685,1.942937068,10.551
7.21E-12,518,1402.021908,1.608004612,1.943002739,10.55
1.20E-11,519,1403.629531,1.607242854,1.943067399,10.547
7.68E-12,520,1405.236394,1.6064834,1.943131055,10.545
1.30E-11,521,1406.842499,1.605726237,1.943193713,10.542
7.26E-12,522,1408.447847,1.604971355,1.943255379,10.541
5.95E-12,523,1410.052442,1.604218742,1.94331606,10.539
1.04E-11,524,1411.656285,1.603468387,1.943375761,10.536
6.07E-12,525,1413.25938,1.602720278,1.943434488,10.535
1.10E-11,526,1414.861727,1.601974405,1.943492248,10.532
7.71E-12,527,1416.463329,1.601230756,1.943549046,10.53
1.44E-11,528,1418.064189,1.600489321,1.943604888,10.527
1.02E-11,529,1419.664309,1.599750088,1.94365978,10.525
6.35E-12,530,1421.26369,1.599013047,1.943713729,10.524
1.23E-11,531,1422.862335,1.598278187,1.943766739,10.521
9.19E-12,532,1424.460247,1.597545497,1.943818817,10.519
6.93E-12,533,1426.057427,1.596814967,1.943869968,10.517
1.40E-11,534,1427.653878,1.596086585,1.943920199,10.514
1.00E-11,535,1429.249601,1.595360343,1.943968955,10.512
7.80E-12,536,1430.844599,1.594636228,1.94401736,10.51
1.41E-11,537,1432.438874,1.593914231,1.944064862,10.508
1.13E-11,538,1434.032428,1.593194342,1.944111464,10.506
9.24E-12,539,1435.625263,1.59247655,1.944157173,10.504
7.61E-12,540,1437.217382,1.591760846,1.944201995,10.502
6.37E-12,541,1438.808786,1.591047218,1.944245934,10.5
1.42E-11,542,1440.399477,1.590335658,1.944288995,10.497
1.21E-11,543,1441.989458,1.589626155,1.944331186,10.495
1.05E-11,544,1443.57873,1.5889187,1.944372509,10.493
9.12E-12,545,1445.167296,1.588213282,1.944412971,10.491
6.23E-12,546,1446.755157,1.587509892,1.944452023,10.489
5.59E-12,547,1448.342316,1.58680852,1.94449078,10.487
1.35E-11,548,1449.928775,1.586109157,1.94452869,10.484
1.25E-11,549,1451.514535,1.585411793,1.94456576,10.482
1.16E-11,550,1453.099599,1.584716419,1.944601994,10.48
1.09E-11,551,1454.683969,1.584023024,1.944637398,10.478
1.04E-11,552,1456.267646,1.583331601,1.944671976,10.476
1.01E-11,553,1457.850633,1.582642139,1.944705734,10.474
7.50E-12,554,1459.432931,1.58195463,1.944738125,10.472
7.43E-12,555,1461.014543,1.581269064,1.944770257,10.47
7.46E-12,556,1462.59547,1.580585431,1.944801584,10.468
7.57E-12,557,1464.175714,1.579903724,1.944832109,10.466
7.77E-12,558,1465.755278,1.579223933,1.944861838,10.464
8.07E-12,559,1467.334163,1.578546049,1.944890776,10.462
8.47E-12,560,1468.912371,1.577870063,1.944918927,10.46
9.00E-12,561,1470.489903,1.577195967,1.944946295,10.458
8.71E-12,562,1472.066763,1.576523751,1.94497234,10.455
9.52E-12,563,1473.642952,1.575853407,1.944998159,10.453
1.05E-11,564,1475.218471,1.575184927,1.945023211,10.451
1.18E-11,565,1476.793322,1.574518301,1.945047499,10.449
1.34E-11,566,1478.367508,1.573853522,1.945071027,10.447
5.66E-12,567,1479.94103,1.57319058,1.945093802,10.446
5.79E-12,568,1481.51389,1.572529467,1.945115281,10.443
6.81E-12,569,1483.086089,1.571870175,1.945136561,10.441
8.13E-12,570,1484.65763,1.571212696,1.945157099,10.439
9.79E-12,571,1486.228515,1.570557021,1.945176901,10.437
1.19E-11,572,1487.798745,1.569903142,1.94519597,10.435
5.42E-12,573,1489.368322,1.569251051,1.945214311,10.434
5.94E-12,574,1490.937248,1.56860074,1.945231386,10.431
7.55E-12,575,1492.505524,1.567952201,1.945248285,10.429
9.68E-12,576,1494.073153,1.567305425,1.945264469,10.427
1.26E-11,577,1495.640136,1.566660405,1.945279941,10.425
5.72E-12,578,1497.206474,1.566017133,1.945294706,10.423
7.03E-12,579,1498.77217,1.565375601,1.945308229,10.421
9.48E-12,580,1500.337226,1.564735801,1.945321594,10.419
1.21E-11,581,1501.901643,1.564097726,1.945334265,10.416
6.13E-12,582,1503.465422,1.563461367,1.945346245,10.415
8.52E-12,583,1505.028566,1.562826718,1.945357539,10.413
8.96E-12,584,1506.591076,1.562193769,1.945367613,10.411
5.51E-12,585,1508.152954,1.561562515,1.945377547,10.409
7.95E-12,586,1509.714202,1.560932947,1.945386807,10.407
1.16E-11,587,1511.27482,1.560305058,1.945395397,10.405
6.19E-12,588,1512.834812,1.55967884,1.945403321,10.404
8.21E-12,589,1514.394179,1.559054286,1.945410045,10.401
1.24E-11,590,1515.952921,1.558431389,1.945416648,10.399
6.59E-12,591,1517.511042,1.557810141,1.945422596,10.397
1.01E-11,592,1519.068542,1.557190536,1.945427893,10.395
5.71E-12,593,1520.625424,1.556572565,1.945432543,10.394
8.07E-12,594,1522.181688,1.555956222,1.945436015,10.391
1.29E-11,595,1523.737337,1.5553415,1.945439382,10.389
7.50E-12,596,1525.292371,1.554728391,1.945442114,10.388
5.26E-12,597,1526.846794,1.554116888,1.945444213,10.386
6.54E-12,598,1528.400606,1.553506986,1.945445151,10.384
1.29E-11,599,1529.953808,1.552898676,1.945445998,10.381
6.43E-12,600,1531.506404,1.552291951,1.945446223,10.38
1.29E-11,601,1533.058393,1.551686805,1.94544583,10.377
6.11E-12,602,1534.609778,1.551083232,1.945444292,10.376
1.26E-11,603,1536.16056,1.550481223,1.945442676,10.373
8.11E-12,604,1537.710741,1.549880773,1.945440452,10.372
5.25E-12,605,1539.260322,1.549281875,1.945437625,10.371
8.44E-12,606,1540.809305,1.548684522,1.945433668,10.368
5.59E-12,607,1542.357691,1.548088707,1.945429645,10.367
9.92E-12,608,1543.905483,1.547494424,1.945425028,10.364
6.62E-12,609,1545.452681,1.546901666,1.945419822,10.363
1.13E-11,610,1546.999287,1.546310428,1.945413502,10.36
9.05E-12,611,1548.545302,1.545720701,1.945407127,10.358
6.42E-12,612,1550.090729,1.545132481,1.945400173,10.357
1.11E-11,613,1551.635568,1.54454576,1.945392115,10.354
6.43E-12,614,1553.179821,1.543960532,1.945384012,10.353
5.48E-12,615,1554.723489,1.543376791,1.94537534,10.351
1.11E-11,616,1556.266575,1.542794531,1.945366101,10.349
7.28E-12,617,1557.809079,1.542213745,1.945355773,10.347
5.40E-12,618,1559.351003,1.541634427,1.945345413,10.346
1.09E-11,619,1560.892348,1.541056572,1.945334495,10.343
8.98E-12,620,1562.433116,1.540480172,1.945322498,10.341
5.61E-12,621,1563.973309,1.539905221,1.945310477,10.34
5.18E-12,622,1565.512927,1.539331715,1.945297909,10.338
1.14E-11,623,1567.051973,1.538759646,1.945284797,10.336
8.01E-12,624,1568.590447,1.538189009,1.945270621,10.334
6.16E-12,625,1570.128351,1.537619797,1.94525643,10.332
1.39E-11,626,1571.665687,1.537052005,1.945241705,10.33
1.01E-11,627,1573.202456,1.536485627,1.945225926,10.328
9.84E-12,628,1574.738659,1.535920657,1.945210141,10.326
8.30E-12,629,1576.274298,1.53535709,1.94519383,10.325
6.22E-12,630,1577.809373,1.534794919,1.945176475,10.323
1.43E-11,631,1579.343888,1.534234138,1.945159123,10.32
1.23E-11,632,1580.877842,1.533674742,1.945141254,10.319
9.47E-12,633,1582.411238,1.533116726,1.94512235,10.317
9.89E-12,634,1583.944076,1.532560083,1.945103457,10.315
8.35E-12,635,1585.476358,1.532004808,1.945084055,10.313
5.62E-12,636,1587.008086,1.531450896,1.945063629,10.312
6.12E-12,637,1588.539261,1.530898341,1.945043222,10.31
5.57E-12,638,1590.069883,1.530347136,1.945022314,10.309
1.30E-11,639,1591.599955,1.529797278,1.945000391,10.306
1.17E-11,640,1593.129478,1.52924876,1.944978494,10.304
1.32E-11,641,1594.658453,1.528701576,1.944956106,10.302
1.11E-11,642,1596.186882,1.528155723,1.944932712,10.3
1.08E-11,643,1597.714765,1.527611193,1.944909351,10.299
1.00E-11,644,1599.242105,1.527067982,1.944885507,10.297
8.79E-12,645,1600.768902,1.526526085,1.944860667,10.295
1.04E-11,646,1602.295157,1.525985495,1.944835866,10.293
1.00E-11,647,1603.820873,1.525446209,1.944810591,10.291
9.03E-12,648,1605.34605,1.524908221,1.944784329,10.289
9.30E-12,649,1606.87069,1.524371524,1.944758113,10.288
1.15E-11,650,1608.394794,1.523836116,1.944731431,10.286
1.07E-11,651,1609.918363,1.523301989,1.944703771,10.284
1.08E-11,652,1611.441398,1.522769139,1.944676164,10.282
1.15E-11,653,1612.963901,1.522237562,1.944648098,10.281
1.11E-11,654,1614.485874,1.521707251,1.944619063,10.279
1.16E-11,655,1616.007316,1.521178202,1.944590089,10.277
1.13E-11,656,1617.52823,1.520650411,1.94456015,10.275
5.28E-12,657,1619.048618,1.520123871,1.944530277,10.274
5.70E-12,658,1620.568479,1.519598578,1.944499957,10.272
5.75E-12,659,1622.087815,1.519074527,1.944468682,10.27
7.75E-12,660,1623.606628,1.518551714,1.944437478,10.268
9.05E-12,661,1625.124919,1.518030132,1.944405836,10.267
9.45E-12,662,1626.642689,1.517509779,1.944373248,10.265
1.06E-11,663,1628.159939,1.516990648,1.944340736,10.263
1.13E-11,664,1629.67667,1.516472734,1.944307284,10.261
5.69E-12,665,1631.192885,1.515956034,1.944273913,10.26
6.59E-12,666,1632.708583,1.515440543,1.944240116,10.258
7.21E-12,667,1634.223766,1.514926255,1.944205386,10.256
1.07E-11,668,1635.738436,1.514413166,1.944170744,10.254
1.20E-11,669,1637.252593,1.513901271,1.944135174,10.252
5.04E-12,670,1638.766239,1.513390567,1.944099697,10.251
7.63E-12,671,1640.279375,1.512881047,1.944063805,10.249
8.83E-12,672,1641.792001,1.512372708,1.944026993,10.247
1.11E-11,673,1643.30412,1.511865545,1.943990279,10.245
1.30E-11,674,1644.815733,1.511359553,1.94395265,10.243
7.09E-12,675,1646.32684,1.510854728,1.943915124,10.242
9.13E-12,676,1647.837443,1.510351066,1.943877194,10.24
1.11E-11,677,1649.347542,1.509848562,1.943838358,10.238
5.05E-12,678,1650.85714,1.509347211,1.943799629,10.237
6.19E-12,679,1652.366237,1.50884701,1.943759998,10.235
1.03E-11,680,1653.874835,1.508347953,1.94372048,10.233
1.30E-11,681,1655.382933,1.507850037,1.943680064,10.231
6.11E-12,682,1656.890535,1.507353256,1.943639764,10.23
1.05E-11,683,1658.39764,1.506857608,1.943599076,10.228
1.36E-11,684,1659.904251,1.506363087,1.943557499,10.226
6.56E-12,685,1661.410367,1.505869689,1.943516043,10.225
8.61E-12,686,1662.91599,1.50537741,1.943473702,10.223
5.36E-12,687,1664.421122,1.504886246,1.943431486,10.222
6.81E-12,688,1665.925763,1.504396192,1.94338839,10.219
1.23E-11,689,1667.429915,1.503907245,1.943345423,10.217
6.28E-12,690,1668.933578,1.503419399,1.943302082,10.216
8.77E-12,691,1670.436754,1.502932652,1.943257869,10.214
5.58E-12,692,1671.939444,1.502446999,1.94321379,10.213
7.96E-12,693,1673.441648,1.501962435,1.943168843,10.211
1.23E-11,694,1674.943369,1.501478957,1.943124033,10.209
5.98E-12,695,1676.444607,1.500996561,1.943078359,10.208
9.37E-12,696,1677.945362,1.500515242,1.943032826,10.206
5.56E-12,697,1679.445637,1.500034997,1.942986434,10.204
9.34E-12,698,1680.945433,1.499555822,1.942940187,10.203
1.34E-11,699,1682.444749,1.499077712,1.942893084,10.2
9.30E-12,700,1683.943589,1.498600664,1.94284613,10.199
5.20E-12,701,1685.441951,1.498124674,1.942798824,10.198
7.95E-12,702,1686.939838,1.497649737,1.942750671,10.196
5.68E-12,703,1688.437251,1.497175851,1.942702671,10.195
8.57E-12,704,1689.93419,1.49670301,1.942653827,10.192
6.13E-12,705,1691.430657,1.496231212,1.942605139,10.191
9.90E-12,706,1692.926653,1.495760452,1.942555612,10.189
5.81E-12,707,1694.422179,1.495290727,1.942506244,10.188
1.11E-11,708,1695.917235,1.494822033,1.942456042,10.185
6.82E-12,709,1697.411823,1.494354365,1.942406001,10.184
1.13E-11,710,1698.905944,1.493887721,1.94235513,10.182
8.68E-12,711,1700.399599,1.493422097,1.942304425,10.181
1.39E-11,712,1701.892788,1.492957488,1.942252893,10.178
1.07E-11,713,1703.385514,1.492493892,1.94220153,10.177
6.33E-12,714,1704.877777,1.492031304,1.942149345,10.176
1.19E-11,715,1706.369577,1.49156972,1.942097331,10.174
7.00E-12,716,1707.860916,1.491109138,1.942044499,10.173
5.42E-12,717,1709.351796,1.490649554,1.941991842,10.171
9.74E-12,718,1710.842216,1.490190963,1.941938371,10.169
6.39E-12,719,1712.332178,1.489733363,1.941885078,10.168
1.38E-11,720,1713.821683,1.489276749,1.941830975,10.165
1.16E-11,721,1715.310732,1.488821119,1.941777053,10.164
5.80E-12,722,1716.799325,1.488366468,1.941722324,10.163
4.97E-12,723,1718.287465,1.487912794,1.941667779,10.162
9.02E-12,724,1719.775151,1.487460092,1.941612432,10.159
7.77E-12,725,1721.262385,1.487008359,1.941557272,10.158
5.02E-12,726,1722.749168,1.486557592,1.941501314,10.157
1.25E-11,727,1724.235501,1.486107788,1.941445545,10.154
8.32E-12,728,1725.721384,1.485658942,1.941388982,10.153
5.92E-12,729,1727.206819,1.485211052,1.94133261,10.152
1.42E-11,730,1728.691807,1.484764114,1.941275449,10.149
1.04E-11,731,1730.176348,1.484318124,1.941218482,10.148
7.02E-12,732,1731.660443,1.48387308,1.941160729,10.147
6.30E-12,733,1733.144094,1.483428978,1.941103173,10.145
1.31E-11,734,1734.627302,1.482985814,1.941044835,10.143
1.18E-11,735,1736.110066,1.482543586,1.940986697,10.141
8.36E-12,736,1737.592389,1.48210229,1.94092778,10.14
8.06E-12,737,1739.074271,1.481661922,1.940869066,10.139
5.50E-12,738,1740.555713,1.48122248,1.940809577,10.137
5.38E-12,739,1742.036716,1.48078396,1.940750292,10.136
1.12E-11,740,1743.517281,1.48034636,1.940690237,10.133
8.29E-12,741,1744.997409,1.479909675,1.940629901,10.132
6.63E-12,742,1746.477101,1.479473903,1.940569774,10.131
5.96E-12,743,1747.956357,1.47903904,1.940508882,10.129
4.88E-12,744,1749.435179,1.478605083,1.940448201,10.128
1.33E-11,745,1750.913568,1.47817203,1.940386757,10.125
1.12E-11,746,1752.391524,1.477739876,1.940325528,10.124
1.02E-11,747,1753.869048,1.477308619,1.94026354,10.122
8.76E-12,748,1755.346141,1.476878256,1.940201768,10.121
8.09E-12,749,1756.822805,1.476448784,1.940139242,10.119
7.09E-12,750,1758.299039,1.476020199,1.940076934,10.118
5.63E-12,751,1759.774845,1.475592499,1.940013875,10.117
5.47E-12,752,1761.250224,1.47516568,1.939950551,10.115
4.81E-12,753,1762.725177,1.474739739,1.93988745,10.114
1.43E-11,754,1764.199704,1.474314674,1.939823603,10.111
1.29E-11,755,1765.673807,1.473890481,1.93975998,10.11
1.29E-11,756,1767.147485,1.473467158,1.939695614,10.108
1.18E-11,757,1768.620741,1.473044701,1.939631475,10.107
1.20E-11,758,1770.093575,1.472623108,1.939566597,10.105
9.78E-12,759,1771.565988,1.472202375,1.939501464,10.103
1.15E-11,760,1773.03798,1.471782499,1.939436563,10.102
9.56E-12,761,1774.509553,1.471363479,1.939370926,10.1
1.14E-11,762,1775.980707,1.47094531,1.939305522,10.099
9.66E-12,763,1777.451444,1.47052799,1.939239387,10.097
1.17E-11,764,1778.921764,1.470111515,1.939173487,10.096
1.01E-11,765,1780.391667,1.469695884,1.939106858,10.094
9.19E-12,766,1781.861156,1.469281093,1.939039985,10.093
1.09E-11,767,1783.33023,1.46886714,1.938973351,10.091
1.01E-11,768,1784.79889,1.468454021,1.938905993,10.09
1.22E-11,769,1786.267138,1.468041734,1.938838875,10.088
1.15E-11,770,1787.734974,1.467630276,1.938771037,10.087
1.04E-11,771,1789.202399,1.467219644,1.938702961,10.085
1.34E-11,772,1790.669414,1.466809836,1.93863513,10.084
1.24E-11,773,1792.136019,1.466400848,1.938566582,10.082
6.30E-12,774,1793.602216,1.465992678,1.93849828,10.081
4.97E-12,775,1795.068005,1.465585324,1.938429266,10.08
6.42E-12,776,1796.533387,1.465178782,1.938360499,10.078
7.54E-12,777,1797.998362,1.464773049,1.938291024,10.076
7.68E-12,778,1799.462933,1.464368124,1.938221319,10.075
1.00E-11,779,1800.927099,1.463964003,1.938151865,10.073
1.03E-11,780,1802.390861,1.463560683,1.938081707,10.072
1.00E-11,781,1803.854221,1.463158163,1.938011323,10.07
1.36E-11,782,1805.317178,1.462756439,1.937941193,10.068
1.40E-11,783,1806.779734,1.462355509,1.937870363,10.067
6.32E-12,784,1808.241889,1.46195537,1.937799788,10.066
7.97E-12,785,1809.703645,1.46155602,1.937728517,10.064
8.17E-12,786,1811.165001,1.461157455,1.937657025,10.062
1.21E-11,787,1812.62596,1.460759674,1.937585794,10.061
1.25E-11,788,1814.086521,1.460362674,1.937513868,10.059
5.69E-12,789,1815.546685,1.459966451,1.937442203,10.058
6.43E-12,790,1817.006454,1.459571005,1.937369849,10.057
8.54E-12,791,1818.465828,1.459176331,1.937297281,10.055
1.04E-11,792,1819.924807,1.458782429,1.937224977,10.054
1.13E-11,793,1821.383393,1.458389294,1.937151986,10.052
5.01E-12,794,1822.841586,1.457996925,1.937078786,10.051
7.44E-12,795,1824.299387,1.457605319,1.937005853,10.049
8.70E-12,796,1825.756797,1.457214473,1.936932238,10.048
1.32E-11,797,1827.213816,1.456824386,1.93685889,10.046
5.98E-12,798,1828.670446,1.456435054,1.936784864,10.045
6.79E-12,799,1830.126686,1.456046475,1.936710634,10.043
8.91E-12,800,1831.582539,1.455658648,1.936636674,10.042
1.29E-11,801,1833.038004,1.455271568,1.93656204,10.04
4.88E-12,802,1834.493082,1.454885235,1.936487205,10.039
8.10E-12,803,1835.947775,1.454499645,1.936412644,10.038
9.55E-12,804,1837.402082,1.454114796,1.936337411,10.036
1.43E-11,805,1838.856005,1.453730686,1.936261982,10.034
7.48E-12,806,1840.309544,1.453347312,1.936186829,10.033
9.56E-12,807,1841.762699,1.452964673,1.936111008,10.032
1.15E-11,808,1843.215473,1.452582765,1.936034994,10.03
6.27E-12,809,1844.667865,1.452201586,1.935959258,10.029
9.75E-12,810,1846.119877,1.451821135,1.93588286,10.027
5.20E-12,811,1847.571508,1.451441408,1.935806741,10.026
7.05E-12,812,1849.02276,1.451062403,1.935729962,10.025
8.85E-12,813,1850.473633,1.450684118,1.935652994,10.023
4.96E-12,814,1851.924128,1.450306552,1.935576309,10.022
8.02E-12,815,1853.374246,1.4499297,1.935498967,10.02
1.04E-11,816,1854.823988,1.449553562,1.93542144,10.018
5.89E-12,817,1856.273353,1.449178135,1.935344198,10.017
8.20E-12,818,1857.722344,1.448803417,1.935266303,10.016
1.09E-11,819,1859.170961,1.448429405,1.935188226,10.014
8.00E-12,820,1860.619203,1.448056097,1.935110436,10.013
1.08E-11,821,1862.067073,1.447683492,1.935031997,10.011
5.86E-12,822,1863.51457,1.447311586,1.934953379,10.01
9.13E-12,823,1864.961696,1.446940378,1.93487505,10.009
4.80E-12,824,1866.408451,1.446569865,1.934796077,10.007
7.09E-12,825,1867.854836,1.446200046,1.934716926,10.006
1.35E-11,826,1869.300852,1.445830917,1.934638068,10.004
6.15E-12,827,1870.746498,1.445462478,1.934558568,10.003
1.10E-11,828,1872.191777,1.445094725,1.934478894,10.001
5.03E-12,829,1873.636688,1.444727657,1.934399048,9.999999999
1.03E-11,830,1875.081232,1.444361271,1.934319498,9.998999897
5.72E-12,831,1876.525411,1.443995566,1.934239309,9.996999698
8.84E-12,832,1877.969224,1.443630539,1.934158952,9.995999597
5.71E-12,833,1879.412672,1.443266188,1.934078891,9.994999498
8.47E-12,834,1880.855756,1.442902511,1.933998197,9.992999297
5.11E-12,835,1882.298477,1.442539507,1.933917336,9.991999199
1.06E-11,836,1883.740836,1.442177172,1.933836775,9.989998997
5.12E-12,837,1885.182832,1.441815504,1.933755583,9.988998899
9.90E-12,838,1886.624467,1.441454503,1.933674228,9.986998697
6.58E-12,839,1888.065741,1.441094165,1.933593174,9.985998598
1.04E-11,840,1889.506655,1.440734489,1.933511493,9.983998397
6.46E-12,841,1890.94721,1.440375473,1.933429651,9.982998298
1.03E-11,842,1892.387407,1.440017114,1.933347648,9.980998097
7.10E-12,843,1893.827245,1.43965941,1.933265951,9.979997998
1.41E-11,844,1895.266726,1.439302361,1.93318363,9.977997795
7.35E-12,845,1896.70585,1.438945962,1.933101152,9.976997698
5.15E-12,846,1898.144618,1.438590214,1.93301898,9.975997599
8.87E-12,847,1899.58303,1.438235113,1.93293619,9.974997497
5.60E-12,848,1901.021088,1.437880657,1.932853244,9.972997298
1.15E-11,849,1902.458792,1.437526845,1.932770144,9.970997096
7.11E-12,850,1903.896142,1.437173675,1.932687353,9.970997098
1.43E-11,851,1905.33314,1.436821145,1.932603947,9.967996795
8.13E-12,852,1906.769785,1.436469252,1.93252039,9.967996798
6.06E-12,853,1908.206078,1.436117995,1.932437144,9.966996698
1.24E-11,854,1909.642021,1.435767373,1.932353286,9.963996396
7.27E-12,855,1911.077613,1.435417382,1.93226928,9.963996398
4.79E-12,856,1912.512856,1.435068021,1.932185124,9.961996199
1.15E-11,857,1913.947749,1.434719289,1.932101283,9.959995996
6.91E-12,858,1915.382295,1.434371183,1.932016834,9.959995998
4.65E-12,859,1916.816492,1.434023701,1.93193224,9.957995799
1.14E-11,860,1918.250342,1.433676842,1.93184796,9.955995596
6.99E-12,861,1919.683846,1.433330603,1.931763077,9.955995598
4.82E-12,862,1921.117004,1.432984984,1.931678051,9.953995399
1.11E-11,863,1922.549816,1.432639981,1.931592882,9.951995196
7.53E-12,864,1923.982284,1.432295593,1.931508031,9.951995198
5.33E-12,865,1925.414407,1.431951819,1.931422579,9.949994999
1.02E-11,866,1926.846188,1.431608656,1.931336987,9.947994797
7.62E-12,867,1928.277625,1.431266103,1.931251257,9.946994698
6.27E-12,868,1929.70872,1.430924158,1.931165847,9.945994598
1.22E-11,869,1931.139474,1.430582818,1.93107984,9.943994396
9.38E-12,870,1932.569886,1.430242083,1.930993697,9.942994297
5.70E-12,871,1933.999958,1.42990195,1.930907417,9.941994198
4.86E-12,872,1935.42969,1.429562418,1.93082146,9.940994099
1.23E-11,873,1936.859083,1.429223485,1.930734911,9.938993896
7.58E-12,874,1938.288137,1.428885149,1.930648228,9.937993798
5.80E-12,875,1939.716853,1.428547408,1.930561411,9.935993598
5.05E-12,876,1941.145232,1.428210261,1.93047492,9.934993499
1.29E-11,877,1942.573274,1.427873705,1.930387841,9.932993296
8.45E-12,878,1944.00098,1.42753774,1.93030063,9.931993197
6.89E-12,879,1945.42835,1.427202363,1.93021329,9.930993098
6.18E-12,880,1946.855385,1.426867572,1.930126277,9.929992998
1.30E-11,881,1948.282085,1.426533367,1.930038678,9.927992796
1.02E-11,882,1949.708452,1.426199744,1.929950952,9.925992597
7.16E-12,883,1951.134485,1.425866703,1.9298631,9.925992598
6.61E-12,884,1952.560185,1.425534242,1.929775576,9.924992498
5.41E-12,885,1953.985553,1.425202359,1.929687471,9.922992299
4.64E-12,886,1955.41059,1.424871052,1.929599242,9.921992199
1.02E-11,887,1956.835296,1.42454032,1.929510888,9.919991997
9.65E-12,888,1958.259671,1.424210161,1.929422866,9.918991897
6.67E-12,889,1959.683716,1.423880574,1.929334266,9.917991798
5.89E-12,890,1961.107432,1.423551556,1.929245545,9.916991698
4.97E-12,891,1962.53082,1.423223106,1.929156701,9.914991499
4.81E-12,892,1963.953879,1.422895223,1.929068192,9.913991399
1.12E-11,893,1965.37661,1.422567904,1.928979108,9.911991196
1.01E-11,894,1966.799015,1.422241149,1.928889906,9.910991097
7.22E-12,895,1968.221093,1.421914955,1.928800585,9.909990998
6.64E-12,896,1969.642845,1.421589321,1.928711146,9.908990898
6.68E-12,897,1971.064272,1.421264245,1.928622043,9.907990798
5.96E-12,898,1972.485373,1.420939726,1.928532371,9.905990598
1.42E-11,899,1973.906151,1.420615762,1.928442582,9.903990395
1.34E-11,900,1975.326605,1.420292351,1.928352679,9.902990295
1.38E-11,901,1976.746736,1.419969493,1.928263114,9.901990195
1.25E-11,902,1978.166544,1.419647185,1.928172982,9.899989996
9.67E-12,903,1979.586031,1.419325425,1.928082738,9.898989897
9.36E-12,904,1981.005195,1.419004213,1.927992381,9.897989797
8.43E-12,905,1982.424039,1.418683546,1.927901912,9.895989597
9.02E-12,906,1983.842563,1.418363423,1.927811784,9.894989497
7.25E-12,907,1985.260766,1.418043843,1.927721093,9.893989398
7.21E-12,908,1986.678651,1.417724804,1.927630294,9.892989298
5.63E-12,909,1988.096216,1.417406304,1.927539384,9.891989198
5.45E-12,910,1989.513463,1.417088343,1.927448366,9.889988999
6.01E-12,911,1990.930393,1.416770917,1.927357691,9.888988898
6.16E-12,912,1992.347005,1.416454027,1.927266459,9.887988798
4.95E-12,913,1993.763301,1.41613767,1.927175119,9.886988699
4.91E-12,914,1995.179281,1.415821844,1.927083674,9.884988499
5.10E-12,915,1996.594945,1.415506549,1.926992123,9.883988399
5.84E-12,916,1998.010294,1.415191783,1.926900917,9.882988298
4.82E-12,917,1999.425329,1.414877544,1.926809157,9.881988199
4.91E-12,918,2000.840049,1.414563831,1.926717294,9.879987999
5.26E-12,919,2002.254457,1.414250643,1.926625328,9.878987899
1.43E-11,920,2003.668551,1.413937977,1.92653326,9.876987695
5.19E-12,921,2005.082333,1.413625833,1.926441538,9.876987699
5.44E-12,922,2006.495803,1.413314209,1.926349267,9.874987499
4.71E-12,923,2007.908961,1.413003103,1.926256896,9.873987399
5.17E-12,924,2009.321809,1.412692515,1.926164425,9.872987299
5.49E-12,925,2010.734347,1.412382442,1.926071854,9.870987099
6.67E-12,926,2012.146574,1.412072884,1.925979632,9.869986998
5.89E-12,927,2013.558492,1.411763838,1.925886865,9.868986898
7.98E-12,928,2014.970102,1.411455303,1.925794,9.866986698
7.33E-12,929,2016.381403,1.411147279,1.925701038,9.865986598
7.82E-12,930,2017.792397,1.410839763,1.92560798,9.863986398
9.12E-12,931,2019.203083,1.410532754,1.925514826,9.862986297
9.23E-12,932,2020.613462,1.410226251,1.925422024,9.861986197
1.08E-11,933,2022.023536,1.409920252,1.92532868,9.860986097
1.20E-11,934,2023.433303,1.409614756,1.925235243,9.858985896
1.13E-11,935,2024.842765,1.409309762,1.925141711,9.857985796
1.34E-11,936,2026.251923,1.409005267,1.925048087,9.856985695
4.67E-12,937,2027.660776,1.408701272,1.924954371,9.855985599
6.16E-12,938,2029.069325,1.408397774,1.924861008,9.854985498
6.95E-12,939,2030.477572,1.408094772,1.924767109,9.852985298
6.92E-12,940,2031.885515,1.407792264,1.924673119,9.851985198
8.50E-12,941,2033.293156,1.40749025,1.924579039,9.850985097
9.87E-12,942,2034.700496,1.407188728,1.924484869,9.848984897
9.78E-12,943,2036.107534,1.406887697,1.92439061,9.847984797
1.33E-11,944,2037.514271,1.406587154,1.924296708,9.846984695
4.92E-12,945,2038.920708,1.4062871,1.924202273,9.845984599
6.25E-12,946,2040.326846,1.405987532,1.92410775,9.844984498
7.42E-12,947,2041.732684,1.40568845,1.924013141,9.842984298
7.69E-12,948,2043.138223,1.405389851,1.923918445,9.841984198
9.39E-12,949,2044.543464,1.405091736,1.923823663,9.839983997
1.33E-11,950,2045.948406,1.404794101,1.92372924,9.838983895
5.36E-12,951,2047.353052,1.404496947,1.923634289,9.838983899
6.53E-12,952,2048.7574,1.404200271,1.923539253,9.836983698
7.02E-12,953,2050.161453,1.403904073,1.923444133,9.835983598
8.84E-12,954,2051.565209,1.403608351,1.923348931,9.833983397
1.19E-11,955,2052.968669,1.403313103,1.923253646,9.832983296
1.26E-11,956,2054.371835,1.40301833,1.923158278,9.831983196
6.75E-12,957,2055.774706,1.402724028,1.923063271,9.830983098
7.46E-12,958,2057.177283,1.402430198,1.922967741,9.829982998
9.72E-12,959,2058.579567,1.402136837,1.92287213,9.827982797
1.36E-11,960,2059.981557,1.401843945,1.922776439,9.826982695
4.47E-12,961,2061.383255,1.40155152,1.922680669,9.826982699
6.01E-12,962,2062.78466,1.401259561,1.922584819,9.824982498
7.95E-12,963,2064.185774,1.400968067,1.92248889,9.822982298
1.24E-11,964,2065.586597,1.400677036,1.922393325,9.821982196
1.39E-11,965,2066.987128,1.400386468,1.92229724,9.820982095
7.29E-12,966,2068.38737,1.40009636,1.922201079,9.819981998
8.42E-12,967,2069.787321,1.399806713,1.922104841,9.818981897
1.16E-11,968,2071.186983,1.399517524,1.922008527,9.816981696
1.33E-11,969,2072.586356,1.399228792,1.921912137,9.815981595
7.12E-12,970,2073.985441,1.398940516,1.921815672,9.814981498
9.18E-12,971,2075.384238,1.398652696,1.921719572,9.813981397
1.36E-11,972,2076.782747,1.398365329,1.921622958,9.812981295
5.91E-12,973,2078.180968,1.398078414,1.92152627,9.811981198
8.39E-12,974,2079.578904,1.397791951,1.921429509,9.809980997
1.01E-11,975,2080.976553,1.397505938,1.921332674,9.808980897
4.47E-12,976,2082.373916,1.397220374,1.921235768,9.807980799
6.83E-12,977,2083.770993,1.396935258,1.92113879,9.806980698
9.97E-12,978,2085.167786,1.396650588,1.92104174,9.804980497
5.11E-12,979,2086.564295,1.396366364,1.920945057,9.804980499
7.51E-12,980,2087.960519,1.396082583,1.920847866,9.802980298
9.44E-12,981,2089.35646,1.395799246,1.920750604,9.801980197
1.43E-11,982,2090.752118,1.395516351,1.920653273,9.799979995
6.86E-12,983,2092.147493,1.395233896,1.920555873,9.799979998
1.04E-11,984,2093.542586,1.394951882,1.920458403,9.797979797
1.31E-11,985,2094.937397,1.394670305,1.920360866,9.796979695
6.13E-12,986,2096.331927,1.394389166,1.92026326,9.795979598
9.49E-12,987,2097.726175,1.394108463,1.920165587,9.793979397
5.11E-12,988,2099.120144,1.393828194,1.920068285,9.793979399
7.99E-12,989,2100.513832,1.39354836,1.919970479,9.791979198
1.34E-11,990,2101.90724,1.393268959,1.919872607,9.790979095
6.25E-12,991,2103.30037,1.392989989,1.919774669,9.789978998
8.41E-12,992,2104.693221,1.392711449,1.919676665,9.788978897
1.35E-11,993,2106.085793,1.392433339,1.919578597,9.786978695
6.49E-12,994,2107.478087,1.392155657,1.919480465,9.785978598
1.13E-11,995,2108.870104,1.391878403,1.919382269,9.784978496
5.36E-12,996,2110.261844,1.391601574,1.919284009,9.783978399
1.04E-11,997,2111.653308,1.39132517,1.919186121,9.782978297
5.00E-12,998,2113.044495,1.39104919,1.919087735,9.781978199
7.09E-12,999,2114.435406,1.390773633,1.918989288,9.780978098
1.19E-11,1000,2115.826042,1.390498498,1.918890778,9.778977896
5.91E-12,1001,2117.216403,1.390223783,1.918792207,9.777977798
1.08E-11,1002,2118.60649,1.389949488,1.918693575,9.776977696
5.35E-12,1003,2119.996302,1.389675611,1.918594882,9.775977599
7.73E-12,1004,2121.385841,1.389402151,1.918496129,9.774977498
1.33E-11,1005,2122.775107,1.389129107,1.918397316,9.772977295
6.84E-12,1006,2124.1641,1.388856479,1.918298443,9.771977198
9.95E-12,1007,2125.55282,1.388584265,1.918199512,9.770977097
7.17E-12,1008,2126.941268,1.388312464,1.918100956,9.769976998
1.06E-11,1009,2128.329445,1.388041075,1.918001908,9.768976897
7.12E-12,1010,2129.717351,1.387770097,1.917902803,9.767976798
1.05E-11,1011,2131.104985,1.387499529,1.91780364,9.766976697
5.66E-12,1012,2132.49235,1.38722937,1.91770442,9.765976598
1.02E-11,1013,2133.879444,1.386959619,1.917605143,9.763976397
5.43E-12,1014,2135.266269,1.386690274,1.91750581,9.762976298
8.37E-12,1015,2136.652825,1.386421336,1.917406421,9.761976197
4.61E-12,1016,2138.039112,1.386152802,1.917306977,9.760976099
8.90E-12,1017,2139.425131,1.385884671,1.917207478,9.759975997
4.92E-12,1018,2140.810881,1.385616944,1.917107924,9.758975899
9.17E-12,1019,2142.196365,1.385349618,1.917008315,9.756975697
5.90E-12,1020,2143.581581,1.385082693,1.916909085,9.756975698
1.12E-11,1021,2144.96653,1.384816167,1.916809369,9.754975496
6.23E-12,1022,2146.351213,1.38455004,1.9167096,9.753975398
9.94E-12,1023,2147.73563,1.384284311,1.916609779,9.752975297
5.73E-12,1024,2149.119782,1.384018978,1.916509905,9.751975198
1.11E-11,1025,2150.503669,1.383754041,1.916409979,9.749974996
6.75E-12,1026,2151.88729,1.383489499,1.916310001,9.749974998
1.32E-11,1027,2153.270648,1.38322535,1.916209972,9.747974795
7.65E-12,1028,2154.653741,1.382961594,1.916109892,9.746974698
4.39E-12,1029,2156.036571,1.38269823,1.916009761,9.745974599
7.40E-12,1030,2157.419138,1.382435256,1.91590958,9.744974498
4.41E-12,1031,2158.801442,1.382172672,1.915809349,9.743974399
8.88E-12,1032,2160.183483,1.381910477,1.915709069,9.741974197
5.24E-12,1033,2161.565263,1.38164867,1.915608739,9.740974099
1.14E-11,1034,2162.946781,1.38138725,1.915508361,9.739973996
7.49E-12,1035,2164.328037,1.381126215,1.915408364,9.738973898
4.49E-12,1036,2165.709033,1.380865565,1.915307889,9.737973799
1.00E-11,1037,2167.089769,1.3806053,1.915207367,9.736973697
6.09E-12,1038,2168.470244,1.380345417,1.915106797,9.735973598
1.05E-11,1039,2169.85046,1.380085916,1.91500618,9.734973497
6.61E-12,1040,2171.230416,1.379826797,1.914905517,9.733973398
1.40E-11,1041,2172.610113,1.379568057,1.914804807,9.731973195
8.85E-12,1042,2173.989552,1.379309697,1.914704051,9.730973097
5.52E-12,1043,2175.368733,1.379051715,1.914603249,9.729972998
9.91E-12,1044,2176.747656,1.378794111,1.914502402,9.728972897
8.11E-12,1045,2178.126321,1.378536883,1.91440151,9.727972798
5.11E-12,1046,2179.50473,1.37828003,1.914300574,9.726972699
9.32E-12,1047,2180.882881,1.378023552,1.914199593,9.725972597
6.07E-12,1048,2182.260777,1.377767448,1.914098568,9.724972498
1.35E-11,1049,2183.638416,1.377511716,1.913997499,9.722972295
8.83E-12,1050,2185.0158,1.377256356,1.913896387,9.721972197
5.75E-12,1051,2186.392929,1.377001367,1.913795232,9.720972098
1.07E-11,1052,2187.769803,1.376746748,1.913694034,9.719971996
7.19E-12,1053,2189.146423,1.376492499,1.913592794,9.718971898
4.84E-12,1054,2190.522788,1.376238617,1.913491512,9.717971799
4.40E-12,1055,2191.8989,1.375985103,1.913390615,9.716971699
8.52E-12,1056,2193.274759,1.375731955,1.91328925,9.715971597
5.83E-12,1057,2194.650364,1.375479172,1.913187844,9.714971498
5.02E-12,1058,2196.025717,1.375226755,1.913086398,9.713971399
9.74E-12,1059,2197.400818,1.374974701,1.91298491,9.712971297
6.75E-12,1060,2198.775667,1.374723009,1.912883383,9.711971198
4.70E-12,1061,2200.150264,1.37447168,1.912781816,9.710971099
1.12E-11,1062,2201.52461,1.374220712,1.912680209,9.708970896
7.82E-12,1063,2202.898705,1.373970104,1.912578563,9.707970798
5.45E-12,1064,2204.27255,1.373719856,1.912476878,9.706970698
1.30E-11,1065,2205.646145,1.373469966,1.912375155,9.704970495
7.80E-12,1066,2207.01949,1.373220433,1.912273393,9.704970498
5.61E-12,1067,2208.392586,1.372971258,1.912171594,9.703970398
1.38E-11,1068,2209.765433,1.372722438,1.912069756,9.701970195
1.01E-11,1069,2211.138031,1.372473973,1.911967882,9.700970097
7.28E-12,1070,2212.510381,1.372225863,1.91186597,9.699969998
5.58E-12,1071,2213.882483,1.371978106,1.911764022,9.699969998
1.40E-11,1072,2215.254338,1.371730701,1.911662038,9.697969795
1.04E-11,1073,2216.625945,1.371483648,1.911560017,9.696969697
7.64E-12,1074,2217.997305,1.371236946,1.91145796,9.695969598
5.65E-12,1075,2219.368419,1.370990593,1.911355868,9.694969498
1.43E-11,1076,2220.739286,1.37074459,1.91125374,9.692969295
8.99E-12,1077,2222.109908,1.370498935,1.911151578,9.692969297
6.82E-12,1078,2223.480284,1.370253628,1.911049381,9.691969198
5.21E-12,1079,2224.850415,1.370008667,1.910947149,9.690969099
1.37E-11,1080,2226.220302,1.369764052,1.910844883,9.688968895
1.05E-11,1081,2227.589944,1.369519782,1.910742584,9.687968796
8.13E-12,1082,2228.959341,1.369275856,1.910640251,9.686968697
6.28E-12,1083,2230.328495,1.369032274,1.910537884,9.685968598
4.86E-12,1084,2231.697406,1.368789034,1.910435485,9.684968499
1.30E-11,1085,2233.066074,1.368546135,1.910333053,9.682968295
1.10E-11,1086,2234.434498,1.368303578,1.910230589,9.682968296
8.71E-12,1087,2235.802681,1.368061361,1.910128093,9.681968197
6.88E-12,1088,2237.170621,1.367819483,1.910025564,9.680968098
5.46E-12,1089,2238.53832,1.367577943,1.909923004,9.679967998
4.35E-12,1090,2239.905777,1.367336741,1.909820413,9.678967899
1.20E-11,1091,2241.272994,1.367095876,1.909717791,9.676967696
8.13E-12,1092,2242.639969,1.366855348,1.909615138,9.676967697
6.64E-12,1093,2244.006704,1.366615154,1.909512454,9.675967598
5.46E-12,1094,2245.3732,1.366375295,1.909409741,9.674967498
4.50E-12,1095,2246.739455,1.36613577,1.909306997,9.673967399
1.28E-11,1096,2248.105471,1.365896578,1.909204224,9.671967195
1.07E-11,1097,2249.471248,1.365657717,1.909101421,9.670967096
8.96E-12,1098,2250.836787,1.365419189,1.908998589,9.669966997
7.50E-12,1099,2252.202087,1.365180991,1.908895728,9.668966898
6.31E-12,1100,2253.567149,1.364943122,1.908792839,9.667966798
5.33E-12,1101,2254.931973,1.364705583,1.908689921,9.666966699
4.52E-12,1102,2256.29656,1.364468372,1.908586975,9.665966599
1.33E-11,1103,2257.66091,1.364231489,1.908484001,9.663966395
1.14E-11,1104,2259.025023,1.363994933,1.908381,9.662966296
8.24E-12,1105,2260.3889,1.363758702,1.908277971,9.662966297
7.17E-12,1106,2261.752541,1.363522797,1.908174916,9.661966198
6.28E-12,1107,2263.115946,1.363287216,1.908071833,9.660966098
5.53E-12,1108,2264.479115,1.363051959,1.907968724,9.659965998
4.88E-12,1109,2265.84205,1.362817025,1.907865589,9.658965899
4.33E-12,1110,2267.204749,1.362582414,1.907762427,9.657965799
1.34E-11,1111,2268.567215,1.362348123,1.90765924,9.655965595
1.20E-11,1112,2269.929446,1.362114154,1.907556027,9.654965496
1.08E-11,1113,2271.291443,1.361880505,1.907452789,9.653965396
9.78E-12,1114,2272.653207,1.361647174,1.907349525,9.652965297
8.89E-12,1115,2274.014737,1.361414163,1.907246237,9.651965197
8.19E-12,1116,2275.376035,1.361181469,1.907142925,9.650965097
7.42E-12,1117,2276.737101,1.360949092,1.907039588,9.649964998
6.82E-12,1118,2278.097934,1.360717032,1.906936227,9.648964898
6.59E-12,1119,2279.458535,1.360485287,1.906832842,9.648964898
6.13E-12,1120,2280.818904,1.360253858,1.906729433,9.647964798
5.74E-12,1121,2282.179043,1.360022742,1.906626001,9.646964698
5.39E-12,1122,2283.53895,1.35979194,1.906522546,9.645964598
5.08E-12,1123,2284.898626,1.35956145,1.906419068,9.644964499
4.82E-12,1124,2286.258073,1.359331273,1.906315567,9.643964399
4.59E-12,1125,2287.617289,1.359101407,1.906212044,9.642964299
4.39E-12,1126,2288.976276,1.358871852,1.906108499,9.641964199
4.22E-12,1127,2290.335033,1.358642606,1.906004932,9.640964099
1.42E-11,1128,2291.693561,1.35841367,1.905901343,9.638963895
1.38E-11,1129,2293.05186,1.358185042,1.905797732,9.637963795
1.34E-11,1130,2294.409931,1.357956722,1.9056941,9.636963695
1.32E-11,1131,2295.767774,1.357728709,1.905590447,9.635963595
1.21E-11,1132,2297.125389,1.357501002,1.905486773,9.633963396
1.20E-11,1133,2298.482776,1.357273601,1.905383079,9.632963296
1.19E-11,1134,2299.839936,1.357046505,1.905279364,9.631963196
1.19E-11,1135,2301.196869,1.356819714,1.905175629,9.630963096
1.19E-11,1136,2302.553576,1.356593226,1.905071874,9.629962996
1.09E-11,1137,2303.910056,1.356367041,1.904967685,9.628962896
1.10E-11,1138,2305.26631,1.356141158,1.904863891,9.627962796
1.12E-11,1139,2306.622338,1.355915577,1.904760078,9.626962696
1.15E-11,1140,2307.978141,1.355690296,1.904656246,9.625962596
1.19E-11,1141,2309.333719,1.355465316,1.904552395,9.624962496
1.23E-11,1142,2310.689072,1.355240636,1.904448526,9.623962396
1.27E-11,1143,2312.0442,1.355016254,1.904344638,9.622962295
1.33E-11,1144,2313.399104,1.354792171,1.904240732,9.621962195
1.40E-11,1145,2314.753785,1.354568385,1.904136808,9.620962095
4.21E-12,1146,2316.108241,1.354344895,1.904032866,9.620962099
4.46E-12,1147,2317.462475,1.354121703,1.903928907,9.619961999
4.74E-12,1148,2318.816485,1.353898805,1.90382493,9.618961899
5.07E-12,1149,2320.170272,1.353676203,1.903720936,9.617961799
5.44E-12,1150,2321.523837,1.353453894,1.903616925,9.616961698
4.56E-12,1151,2322.87718,1.353231879,1.903512897,9.615961599
4.92E-12,1152,2324.230301,1.353010158,1.903408854,9.614961499
5.33E-12,1153,2325.583201,1.352788728,1.903304793,9.613961398
5.79E-12,1154,2326.935879,1.35256759,1.903200717,9.612961298
6.32E-12,1155,2328.288336,1.352346743,1.903096625,9.611961198
6.94E-12,1156,2329.640572,1.352126186,1.902992517,9.610961098
9.20E-12,1157,2330.992588,1.351905919,1.902888393,9.608960897
9.37E-12,1158,2332.344384,1.351685941,1.902783842,9.607960797
1.05E-11,1159,2333.69596,1.351466251,1.902679689,9.606960696
1.19E-11,1160,2335.047317,1.351246849,1.902575521,9.605960596
1.06E-11,1161,2336.398454,1.351027734,1.902471337,9.604960496
1.20E-11,1162,2337.749372,1.350808906,1.90236714,9.603960396
1.36E-11,1163,2339.100072,1.350590363,1.902262928,9.602960295
4.42E-12,1164,2340.450553,1.350372105,1.902158702,9.602960299
5.06E-12,1165,2341.800816,1.350154133,1.902054463,9.601960199
5.81E-12,1166,2343.150862,1.349936444,1.901950209,9.600960098
8.00E-12,1167,2344.500689,1.349719038,1.901845942,9.598959897
9.38E-12,1168,2345.8503,1.349501915,1.901741662,9.597959797
1.10E-11,1169,2347.199693,1.349285074,1.901637369,9.596959696
1.30E-11,1170,2348.54887,1.349068515,1.901533063,9.595959595
4.37E-12,1171,2349.89783,1.348852236,1.901428744,9.595959599
5.19E-12,1172,2351.246575,1.348636238,1.901324412,9.594959499
6.18E-12,1173,2352.595103,1.348420519,1.901220069,9.593959398
5.22E-12,1174,2353.943416,1.348205079,1.901115302,9.592959299
6.25E-12,1175,2355.291513,1.347989918,1.901010934,9.591959198
9.09E-12,1176,2356.639396,1.347775035,1.900906555,9.589958997
1.11E-11,1177,2357.987063,1.347560428,1.900802164,9.588958896
1.36E-11,1178,2359.334517,1.347346098,1.900697761,9.587958795
4.74E-12,1179,2360.681756,1.347132045,1.900593347,9.587958799
5.85E-12,1180,2362.028781,1.346918266,1.900488923,9.586958698
7.24E-12,1181,2363.375592,1.346704762,1.900384487,9.585958598
8.99E-12,1182,2364.72219,1.346491533,1.900280041,9.584958497
1.12E-11,1183,2366.068575,1.346278577,1.900175584,9.583958396
1.31E-11,1184,2367.414748,1.346065894,1.900071116,9.581958195
4.68E-12,1185,2368.760707,1.345853483,1.899966639,9.581958199
5.90E-12,1186,2370.106455,1.345641344,1.899862152,9.580958098
6.83E-12,1187,2371.45199,1.345429477,1.899757245,9.579957998
8.73E-12,1188,2372.797314,1.34521788,1.899652739,9.578957897
1.04E-11,1189,2374.142426,1.345006553,1.899548223,9.576957696
1.35E-11,1190,2375.487327,1.344795496,1.899443698,9.575957595
4.93E-12,1191,2376.832017,1.344584707,1.899339164,9.575957599
6.40E-12,1192,2378.176496,1.344374187,1.899234621,9.574957498
8.34E-12,1193,2379.520765,1.344163934,1.899130069,9.573957397
1.08E-11,1194,2380.864824,1.343953949,1.899025508,9.572957296
1.42E-11,1195,2382.208673,1.34374423,1.89892094,9.571957195
5.23E-12,1196,2383.552313,1.343534777,1.898816363,9.571957199
8.32E-12,1197,2384.895743,1.34332559,1.898711777,9.569956997
1.12E-11,1198,2386.238964,1.343116667,1.898607186,9.568956896
1.07E-11,1199,2387.581976,1.342908009,1.898502177,9.567956796
1.43E-11,1200,2388.92478,1.342699614,1.89839757,9.566956695
